experiment,seed,condition,partition,n_examples,params,compute,accuracy,cosine,energy,manifold_distance,stability,leakage,cdt_queries,rqm_queries,table_queries,nn_queries,attractor_queries,direct_memory_queries,status,notes
E31,0xB400,DPHI,TEST,256,962,128000,0.2969,0.9075,0.9760,0.1874,0.0747,0,0,0,0,0,0,0,CLEAN,"0.62|0.19|0.00|0.66|0.16|0.41|0.31|0.03"
E31,0xB400,STATIC,TEST,256,0,0,0.0469,0.0000,0.9950,0.0000,0.4015,0,0,0,0,0,0,0,CLEAN,"0.00|0.06|0.00|0.06|0.00|0.00|0.06|0.19"
E31,0xB400,LINEAR,TEST,256,26,0,0.0000,0.1370,0.7314,0.0931,0.4310,0,0,0,0,0,0,0,CLEAN,"0.00|0.00|0.00|0.00|0.00|0.00|0.00|0.00"
E31,0xB400,RANDOM_DYN,TEST,256,962,0,0.0000,-0.0731,0.9410,0.3905,0.8089,0,0,0,0,0,0,0,CLEAN,"0.00|0.00|0.00|0.00|0.00|0.00|0.00|0.00"
E31,0xB400,SHUFFLED_LABEL,TEST,256,962,128000,0.0000,0.0590,0.3239,0.6056,1.2757,0,0,0,0,0,0,0,CLEAN,"0.00|0.00|0.00|0.00|0.00|0.00|0.00|0.00"
E31,0xB400,NN_LOOKUP,TEST,256,6528,0,0.0117,0.5096,1.0097,0.1867,0.3717,256,0,0,0,256,0,0,LOOKUP_CONTROL,"0.00|0.00|0.00|0.06|0.00|0.00|0.00|0.03"
E31,0xB400,GATE,TEST,0,0,0,0.0000,0.0000,0.0000,0.0000,0.0000,0,0,0,0,0,0,0,PASS,"families_won=6 [translate rotate scale shear affine compose_rot_scale] dphi_acc=0.297 best_ctrl_acc=0.047"
E31,0xB400,DPHI,DEV,96,962,128000,0.2708,0.9214,0.9730,0.1885,0.0798,0,0,0,0,0,0,0,CLEAN,""
E32,0xB400,GATE,TEST,0,0,0,0.0000,0.0000,0.0000,0.0000,0.0000,0,0,0,0,0,0,0,PASS,"fams_sigma_within10%=7 frac_steps_sigma>1=0.970 translate:σD=1.068/σT=1.000 rotate:σD=1.051/σT=1.000 reflect:σD=1.140/σT=1.000 scale:σD=1.210/σT=1.155 shear:σD=1.225/σT=1.155 affine:σD=1.151/σT=1.072 compose_rot_scale:σD=1.132/σT=1.053 radial_warp:σD=1.199/σT=1.203"
E33,0xB400,DPHI_h1,TEST,256,962,128000,0.2969,0.9075,0.9760,0.1874,0.0747,0,0,0,0,0,0,0,CLEAN,"iterable_acc=0.094 fam=0.62|0.19|0.00|0.66|0.16|0.41|0.31|0.03"
E33,0xB400,DPHI_h2,TEST,256,962,128000,0.0352,0.7814,0.9465,0.1397,0.1328,0,0,0,0,0,0,0,CLEAN,"iterable_acc=0.000 fam=0.06|0.00|0.00|0.09|0.06|0.00|0.06|0.00"
E33,0xB400,DPHI_h4,TEST,256,962,128000,0.0000,0.7753,0.8898,0.2462,0.2399,0,0,0,0,0,0,0,CLEAN,"iterable_acc=0.000 fam=0.00|0.00|0.00|0.00|0.00|0.00|0.00|0.00"
E33,0xB400,DPHI_h8,TEST,256,962,128000,0.0078,0.7528,0.7625,0.3927,0.4426,0,0,0,0,0,0,0,CLEAN,"iterable_acc=0.000 fam=0.00|0.00|0.00|0.00|0.00|0.06|0.00|0.00"
E33,0xB400,DPHI_h16,TEST,256,962,128000,0.0078,0.6468,0.6457,0.5217,0.8540,0,0,0,0,0,0,0,CLEAN,"iterable_acc=0.000 fam=0.00|0.00|0.00|0.00|0.00|0.06|0.00|0.00"
E33,0xB400,DPHI_h32,TEST,256,962,128000,0.0078,0.5071,0.3773,0.5980,1.4533,0,0,0,0,0,0,0,CLEAN,"iterable_acc=0.000 fam=0.00|0.00|0.00|0.00|0.00|0.06|0.00|0.00"
E33,0xB400,DPHI_h64,TEST,256,962,128000,0.0078,0.4464,0.0548,0.6229,1.6626,0,0,0,0,0,0,0,CLEAN,"iterable_acc=0.000 fam=0.00|0.00|0.00|0.00|0.00|0.06|0.00|0.00"
E33,0xB400,GATE,TEST,0,0,0,0.0000,0.0000,0.0000,0.0000,0.0000,0,0,0,0,0,0,0,FAIL,"stability_region_h=0 iterable/all h1:0.09/0.30 h2:0.00/0.04 h4:0.00/0.00 h8:0.00/0.01 h16:0.00/0.01 h32:0.00/0.01 h64:0.00/0.01"
E34,0xB400,DPHI_h1,TEST,256,962,128000,0.2969,0.9075,0.9760,0.1874,0.0747,0,0,0,0,0,0,0,CLEAN,""
E34,0xB400,MLP_DIRECT_h1,TEST,256,962,128000,0.1836,0.8990,1.0185,0.1879,0.0845,0,0,0,0,0,0,0,CLEAN,""
E34,0xB400,DPHI_h4_iter,TEST,64,962,128000,0.0000,0.4403,0.9339,0.1661,0.2709,0,0,0,0,0,0,0,CLEAN,""
E34,0xB400,MLP_DIRECT_h4_iter,TEST,64,962,128000,0.0000,0.4555,1.0400,0.1657,0.2659,0,0,0,0,0,0,0,CLEAN,""
E34,0xB400,STATIC,TEST,256,0,0,0.0469,0.0000,0.9950,0.0000,0.4015,0,0,0,0,0,0,0,CLEAN,""
E34,0xB400,GATE,TEST,0,0,0,0.0000,0.0000,0.0000,0.0000,0.0000,0,0,0,0,0,0,0,PASS,"dphi_h1=0.297 mlp_h1=0.184 dphi_h4=0.000 mlp_h4=0.000 static=0.047 params=962/962"
E35,0xB400,A_control,TEST,256,962,128000,0.2969,0.9075,0.9760,0.1874,0.0747,0,0,0,0,0,0,0,CLEAN,"fam=0.62|0.19|0.00|0.66|0.16|0.41|0.31|0.03"
E35,0xB400,B_cdt_experience,TEST,256,962,128000,0.4727,0.9267,1.0053,0.1808,0.0631,0,0,0,0,0,0,0,CLEAN,"fam=0.91|0.41|0.06|0.75|0.69|0.59|0.38|0.00 cdt_size=192 signal_numbers=384 cdt_dropped=true equiv_hits=0 any_equiv=false"
E35,0xB400,GATE,TEST,0,0,0,0.0000,0.0000,0.0000,0.0000,0.0000,0,0,0,0,0,0,0,PASS,"A=0.2969 B=0.4727 diff=0.1758 relerrA=0.0747 relerrB=0.0631 cdt_q=0 rqm_q=0 table_q=0 nn_q=0 attr_q=0 direct_q=0 leaked=0 target_seen_cdt=false target_equivalent_seen=false"
E35,0xB400,A_control,DEV,96,962,128000,0.2708,0.9214,0.9730,0.1885,0.0798,0,0,0,0,0,0,0,CLEAN,""
E35,0xB400,B_cdt_experience,DEV,96,962,128000,0.4167,0.9168,0.9974,0.1833,0.0747,0,0,0,0,0,0,0,CLEAN,""
E36,0xB400,A_no_experience,TEST,256,962,128000,0.2969,0.9075,0.9760,0.1874,0.0747,0,0,0,0,0,0,0,CLEAN,""
E36,0xB400,C_consolidated,TEST,256,962,128000,0.4727,0.9267,1.0053,0.1808,0.0631,0,0,0,0,0,0,0,CLEAN,""
E36,0xB400,B_raw_experience,TEST,256,962,128000,0.2734,0.9249,0.9871,0.1872,0.0719,0,0,0,0,0,0,0,CLEAN,""
E36,0xB400,D_corrupt_cdt,TEST,256,962,128000,0.0078,0.5210,0.8777,0.2261,0.3769,0,0,0,0,0,0,0,CLEAN,""
E36,0xB400,E_irrelevant_cdt,TEST,256,962,128000,0.0000,0.3011,1.1101,0.1608,0.4241,0,0,0,0,0,0,0,CLEAN,""
E36,0xB400,F_stats_no_topology,TEST,256,962,128000,0.0469,0.7220,1.0105,0.1112,0.2408,0,0,0,0,0,0,0,CLEAN,""
E36,0xB400,G_shuffled_order,TEST,256,962,128000,0.0000,0.2263,0.2563,0.4035,0.7285,0,0,0,0,0,0,0,CLEAN,""
E36,0xB400,GATE,TEST,0,0,0,0.0000,0.0000,0.0000,0.0000,0.0000,0,0,0,0,0,0,0,PASS,"C=0.473 B_raw=0.273 A=0.297 D_corrupt_cdt=0.008 E_irrelevant_cdt=0.000 F_stats_no_topology=0.047 G_shuffled_order=0.000"
E37,0xB400,GATE,TEST,0,0,0,0.0000,0.0000,0.0000,0.0000,0.0000,0,0,0,0,0,0,0,PASS,"pre_delete=0.4727 post_delete_fresh_process=0.4727 A=0.2969 fresh_process_queries=0 ckpt_sha=5d8918f5038927a86cc3138ab8e2209bcc8df11f897a6478b891e545820a757b"
E38,0xB400,GATE,TEST,0,0,0,0.0000,0.0000,0.0000,0.0000,0.0000,0,0,0,0,0,0,0,PASS,"P0=0.4727 P0_newtest=0.4766 A_newtest=0.3359 P1=0.4727(q=0) P2=P0(identity encoder) P3_lookup=0.0117(cdt_q=256) A=0.2969"
E39,0xB400,A_no_consolidation,TEST_triangle,256,962,128000,0.1875,0.9075,0.9894,0.1874,0.0748,0,0,0,0,0,0,0,CLEAN,""
E39,0xB400,B_consolidated,TEST_triangle,256,962,128000,0.2695,0.8898,1.0192,0.1813,0.0772,0,0,0,0,0,0,0,CLEAN,""
E39,0xB400,GATE,TEST,0,0,0,0.0000,0.0000,0.0000,0.0000,0.0000,0,0,0,0,0,0,0,PASS,"A=0.188 B=0.270 static=0.047"
E40,0xB400,A_sequential,TEST,128,962,128000,0.1875,0.4099,1.0169,0.0762,0.4747,0,0,0,0,0,0,0,CLEAN,"final_per_rule=0.00|0.00|0.00|0.75"
E40,0xB400,B_cdt_replay,TEST,128,962,128000,0.6875,0.9747,0.9910,0.0548,0.0466,0,0,0,0,0,0,0,CLEAN,"final_per_rule=0.72|0.72|0.56|0.75"
E40,0xB400,D_corrupt_replay,TEST,128,962,128000,0.0469,0.1091,1.0217,0.0519,0.3486,0,0,0,0,0,0,0,CLEAN,"final_per_rule=0.00|0.00|0.00|0.19"
E40,0xB400,GATE,TEST,0,0,0,0.0000,0.0000,0.0000,0.0000,0.0000,0,0,0,0,0,0,0,PASS,"final A=0.188 B=0.688 D=0.047 forgetting A=0.823 B=0.250 D=0.302"
E41,0xB400,GATE,TEST,0,0,0,0.0000,0.0000,0.0000,0.0000,0.0000,0,0,0,0,0,0,0,PASS,"base_rot=0.406 base_translate=0.906 structured: redirect=0.812 rot_acc=0.000 | random(|Δ|F equal): redirect=0.000 rot_acc=0.000 | rollback_exact=true"
E42,0xB400,A_N8,TEST,256,962,128000,0.2656,0.8970,0.9945,0.1813,0.0772,0,0,0,0,0,0,0,CLEAN,""
E42,0xB400,B_N8,TEST,256,962,128000,0.3984,0.9177,1.0351,0.1707,0.0651,0,0,0,0,0,0,0,CLEAN,""
E42,0xB400,A_N16,TEST,256,962,128000,0.2617,0.9121,1.0071,0.1858,0.0792,0,0,0,0,0,0,0,CLEAN,""
E42,0xB400,B_N16,TEST,256,962,128000,0.2266,0.9132,0.9956,0.1837,0.0774,0,0,0,0,0,0,0,CLEAN,""
E42,0xB400,A_N32,TEST,256,962,128000,0.2148,0.8508,1.0083,0.1888,0.0882,0,0,0,0,0,0,0,CLEAN,""
E42,0xB400,B_N32,TEST,256,962,128000,0.3477,0.8966,1.0170,0.1807,0.0729,0,0,0,0,0,0,0,CLEAN,""
E42,0xB400,A_N64,TEST,256,962,128000,0.3008,0.9245,1.0058,0.1902,0.0739,0,0,0,0,0,0,0,CLEAN,""
E42,0xB400,B_N64,TEST,256,962,128000,0.3164,0.9236,1.0011,0.1827,0.0730,0,0,0,0,0,0,0,CLEAN,""
E42,0xB400,A_N128,TEST,256,962,128000,0.2383,0.9164,1.0219,0.1851,0.0727,0,0,0,0,0,0,0,CLEAN,""
E42,0xB400,B_N128,TEST,256,962,128000,0.4219,0.9312,1.0030,0.1788,0.0631,0,0,0,0,0,0,0,CLEAN,""
E42,0xB400,GATE,TEST,0,0,0,0.0000,0.0000,0.0000,0.0000,0.0000,0,0,0,0,0,0,0,FAIL,"N8:A=0.266,B=0.398 N16:A=0.262,B=0.227 N32:A=0.215,B=0.348 N64:A=0.301,B=0.316 N128:A=0.238,B=0.422"
E31,0xB401,DPHI,TEST,256,962,128000,0.3008,0.9201,0.9912,0.1865,0.0779,0,0,0,0,0,0,0,CLEAN,"0.81|0.38|0.00|0.25|0.31|0.16|0.19|0.31"
E31,0xB401,STATIC,TEST,256,0,0,0.0273,0.0000,1.0000,0.0000,0.4051,0,0,0,0,0,0,0,CLEAN,"0.00|0.06|0.00|0.06|0.00|0.00|0.00|0.09"
E31,0xB401,LINEAR,TEST,256,26,0,0.0000,0.1551,0.7567,0.0607,0.4148,0,0,0,0,0,0,0,CLEAN,"0.00|0.00|0.00|0.00|0.00|0.00|0.00|0.00"
E31,0xB401,RANDOM_DYN,TEST,256,962,0,0.0000,0.0599,1.1673,0.4377,0.8821,0,0,0,0,0,0,0,CLEAN,"0.00|0.00|0.00|0.00|0.00|0.00|0.00|0.00"
E31,0xB401,SHUFFLED_LABEL,TEST,256,962,128000,0.0000,0.1013,0.3343,0.6427,1.1844,0,0,0,0,0,0,0,CLEAN,"0.00|0.00|0.00|0.00|0.00|0.00|0.00|0.00"
E31,0xB401,NN_LOOKUP,TEST,256,6528,0,0.0117,0.5572,1.0233,0.1851,0.3370,256,0,0,0,256,0,0,LOOKUP_CONTROL,"0.03|0.00|0.00|0.03|0.00|0.00|0.00|0.03"
E31,0xB401,GATE,TEST,0,0,0,0.0000,0.0000,0.0000,0.0000,0.0000,0,0,0,0,0,0,0,PASS,"families_won=7 [translate rotate scale shear affine compose_rot_scale radial_warp] dphi_acc=0.301 best_ctrl_acc=0.027"
E31,0xB401,DPHI,DEV,96,962,128000,0.2917,0.9336,0.9781,0.1847,0.0792,0,0,0,0,0,0,0,CLEAN,""
E32,0xB401,GATE,TEST,0,0,0,0.0000,0.0000,0.0000,0.0000,0.0000,0,0,0,0,0,0,0,PASS,"fams_sigma_within10%=5 frac_steps_sigma>1=0.975 translate:σD=1.076/σT=1.000 rotate:σD=1.085/σT=1.000 reflect:σD=1.121/σT=1.000 scale:σD=1.153/σT=1.095 shear:σD=1.194/σT=1.143 affine:σD=1.213/σT=1.076 compose_rot_scale:σD=1.044/σT=0.916 radial_warp:σD=1.164/σT=1.185"
E33,0xB401,DPHI_h1,TEST,256,962,128000,0.3008,0.9201,0.9912,0.1865,0.0779,0,0,0,0,0,0,0,CLEAN,"iterable_acc=0.188 fam=0.81|0.38|0.00|0.25|0.31|0.16|0.19|0.31"
E33,0xB401,DPHI_h2,TEST,256,962,128000,0.0469,0.7955,0.9869,0.1406,0.1402,0,0,0,0,0,0,0,CLEAN,"iterable_acc=0.016 fam=0.22|0.03|0.00|0.06|0.00|0.00|0.03|0.03"
E33,0xB401,DPHI_h4,TEST,256,962,128000,0.0000,0.7911,0.9553,0.2425,0.2506,0,0,0,0,0,0,0,CLEAN,"iterable_acc=0.000 fam=0.00|0.00|0.00|0.00|0.00|0.00|0.00|0.00"
E33,0xB401,DPHI_h8,TEST,256,962,128000,0.0000,0.7681,0.8860,0.3768,0.4537,0,0,0,0,0,0,0,CLEAN,"iterable_acc=0.000 fam=0.00|0.00|0.00|0.00|0.00|0.00|0.00|0.00"
E33,0xB401,DPHI_h16,TEST,256,962,128000,0.0000,0.6587,0.8109,0.5090,0.9412,0,0,0,0,0,0,0,CLEAN,"iterable_acc=0.000 fam=0.00|0.00|0.00|0.00|0.00|0.00|0.00|0.00"
E33,0xB401,DPHI_h32,TEST,256,962,128000,0.0000,0.5638,0.5475,0.5960,1.6586,0,0,0,0,0,0,0,CLEAN,"iterable_acc=0.000 fam=0.00|0.00|0.00|0.00|0.00|0.00|0.00|0.00"
E33,0xB401,DPHI_h64,TEST,256,962,128000,0.0000,0.4814,0.3467,0.6190,2.1151,0,0,0,0,0,0,0,CLEAN,"iterable_acc=0.000 fam=0.00|0.00|0.00|0.00|0.00|0.00|0.00|0.00"
E33,0xB401,GATE,TEST,0,0,0,0.0000,0.0000,0.0000,0.0000,0.0000,0,0,0,0,0,0,0,FAIL,"stability_region_h=0 iterable/all h1:0.19/0.30 h2:0.02/0.05 h4:0.00/0.00 h8:0.00/0.00 h16:0.00/0.00 h32:0.00/0.00 h64:0.00/0.00"
E34,0xB401,DPHI_h1,TEST,256,962,128000,0.3008,0.9201,0.9912,0.1865,0.0779,0,0,0,0,0,0,0,CLEAN,""
E34,0xB401,MLP_DIRECT_h1,TEST,256,962,128000,0.2461,0.9214,1.0060,0.1854,0.0803,0,0,0,0,0,0,0,CLEAN,""
E34,0xB401,DPHI_h4_iter,TEST,64,962,128000,0.0000,0.4439,0.9384,0.1844,0.3243,0,0,0,0,0,0,0,CLEAN,""
E34,0xB401,MLP_DIRECT_h4_iter,TEST,64,962,128000,0.0000,0.4563,0.9927,0.1653,0.2696,0,0,0,0,0,0,0,CLEAN,""
E34,0xB401,STATIC,TEST,256,0,0,0.0273,0.0000,1.0000,0.0000,0.4051,0,0,0,0,0,0,0,CLEAN,""
E34,0xB401,GATE,TEST,0,0,0,0.0000,0.0000,0.0000,0.0000,0.0000,0,0,0,0,0,0,0,PASS,"dphi_h1=0.301 mlp_h1=0.246 dphi_h4=0.000 mlp_h4=0.000 static=0.027 params=962/962"
E35,0xB401,A_control,TEST,256,962,128000,0.3008,0.9201,0.9912,0.1865,0.0779,0,0,0,0,0,0,0,CLEAN,"fam=0.81|0.38|0.00|0.25|0.31|0.16|0.19|0.31"
E35,0xB401,B_cdt_experience,TEST,256,962,128000,0.4492,0.9453,1.0019,0.1815,0.0670,0,0,0,0,0,0,0,CLEAN,"fam=0.91|0.62|0.00|0.19|0.69|0.47|0.44|0.28 cdt_size=192 signal_numbers=384 cdt_dropped=true equiv_hits=0 any_equiv=false"
E35,0xB401,GATE,TEST,0,0,0,0.0000,0.0000,0.0000,0.0000,0.0000,0,0,0,0,0,0,0,PASS,"A=0.3008 B=0.4492 diff=0.1484 relerrA=0.0779 relerrB=0.0670 cdt_q=0 rqm_q=0 table_q=0 nn_q=0 attr_q=0 direct_q=0 leaked=0 target_seen_cdt=false target_equivalent_seen=false"
E35,0xB401,A_control,DEV,96,962,128000,0.2917,0.9336,0.9781,0.1847,0.0792,0,0,0,0,0,0,0,CLEAN,""
E35,0xB401,B_cdt_experience,DEV,96,962,128000,0.3854,0.9412,0.9976,0.1790,0.0683,0,0,0,0,0,0,0,CLEAN,""
E36,0xB401,A_no_experience,TEST,256,962,128000,0.3008,0.9201,0.9912,0.1865,0.0779,0,0,0,0,0,0,0,CLEAN,""
E36,0xB401,C_consolidated,TEST,256,962,128000,0.4492,0.9453,1.0019,0.1815,0.0670,0,0,0,0,0,0,0,CLEAN,""
E36,0xB401,B_raw_experience,TEST,256,962,128000,0.2188,0.8939,1.0417,0.1836,0.0835,0,0,0,0,0,0,0,CLEAN,""
E36,0xB401,D_corrupt_cdt,TEST,256,962,128000,0.0000,0.4546,0.8777,0.2267,0.4088,0,0,0,0,0,0,0,CLEAN,""
E36,0xB401,E_irrelevant_cdt,TEST,256,962,128000,0.0000,0.4192,0.9016,0.2156,0.4188,0,0,0,0,0,0,0,CLEAN,""
E36,0xB401,F_stats_no_topology,TEST,256,962,128000,0.0664,0.7380,0.9848,0.1099,0.2458,0,0,0,0,0,0,0,CLEAN,""
E36,0xB401,G_shuffled_order,TEST,256,962,128000,0.0000,0.2609,0.2375,0.3598,0.6756,0,0,0,0,0,0,0,CLEAN,""
E36,0xB401,GATE,TEST,0,0,0,0.0000,0.0000,0.0000,0.0000,0.0000,0,0,0,0,0,0,0,PASS,"C=0.449 B_raw=0.219 A=0.301 D_corrupt_cdt=0.000 E_irrelevant_cdt=0.000 F_stats_no_topology=0.066 G_shuffled_order=0.000"
E37,0xB401,GATE,TEST,0,0,0,0.0000,0.0000,0.0000,0.0000,0.0000,0,0,0,0,0,0,0,PASS,"pre_delete=0.4492 post_delete_fresh_process=0.4492 A=0.3008 fresh_process_queries=0 ckpt_sha=170b6625cb1909e97af185ca87495760fdf3edbc665e0846434d3c529566af35"
E38,0xB401,GATE,TEST,0,0,0,0.0000,0.0000,0.0000,0.0000,0.0000,0,0,0,0,0,0,0,PASS,"P0=0.4492 P0_newtest=0.4414 A_newtest=0.2383 P1=0.4492(q=0) P2=P0(identity encoder) P3_lookup=0.0117(cdt_q=256) A=0.3008"
E39,0xB401,A_no_consolidation,TEST_triangle,256,962,128000,0.1953,0.8864,0.9972,0.1855,0.0835,0,0,0,0,0,0,0,CLEAN,""
E39,0xB401,B_consolidated,TEST_triangle,256,962,128000,0.3750,0.9056,1.0038,0.1827,0.0687,0,0,0,0,0,0,0,CLEAN,""
E39,0xB401,GATE,TEST,0,0,0,0.0000,0.0000,0.0000,0.0000,0.0000,0,0,0,0,0,0,0,PASS,"A=0.195 B=0.375 static=0.031"
E40,0xB401,A_sequential,TEST,128,962,128000,0.1094,0.4635,1.1103,0.0782,0.5001,0,0,0,0,0,0,0,CLEAN,"final_per_rule=0.00|0.00|0.00|0.44"
E40,0xB401,B_cdt_replay,TEST,128,962,128000,0.6562,0.9736,1.0023,0.0520,0.0499,0,0,0,0,0,0,0,CLEAN,"final_per_rule=0.72|0.78|0.56|0.56"
E40,0xB401,D_corrupt_replay,TEST,128,962,128000,0.0547,0.0728,1.0618,0.0590,0.3636,0,0,0,0,0,0,0,CLEAN,"final_per_rule=0.00|0.00|0.00|0.22"
E40,0xB401,GATE,TEST,0,0,0,0.0000,0.0000,0.0000,0.0000,0.0000,0,0,0,0,0,0,0,PASS,"final A=0.109 B=0.656 D=0.055 forgetting A=0.948 B=0.260 D=0.354"
E41,0xB401,GATE,TEST,0,0,0,0.0000,0.0000,0.0000,0.0000,0.0000,0,0,0,0,0,0,0,PASS,"base_rot=0.625 base_translate=0.906 structured: redirect=0.688 rot_acc=0.000 | random(|Δ|F equal): redirect=0.000 rot_acc=0.000 | rollback_exact=true"
E42,0xB401,A_N8,TEST,256,962,128000,0.2422,0.9088,1.0083,0.1804,0.0793,0,0,0,0,0,0,0,CLEAN,""
E42,0xB401,B_N8,TEST,256,962,128000,0.3984,0.9357,1.0213,0.1709,0.0672,0,0,0,0,0,0,0,CLEAN,""
E42,0xB401,A_N16,TEST,256,962,128000,0.2148,0.9251,0.9730,0.1890,0.0789,0,0,0,0,0,0,0,CLEAN,""
E42,0xB401,B_N16,TEST,256,962,128000,0.3867,0.9311,0.9933,0.1806,0.0649,0,0,0,0,0,0,0,CLEAN,""
E42,0xB401,A_N32,TEST,256,962,128000,0.1875,0.9146,1.0001,0.1812,0.0741,0,0,0,0,0,0,0,CLEAN,""
E42,0xB401,B_N32,TEST,256,962,128000,0.4883,0.9263,0.9998,0.1775,0.0641,0,0,0,0,0,0,0,CLEAN,""
E42,0xB401,A_N64,TEST,256,962,128000,0.3633,0.9136,1.0036,0.1846,0.0681,0,0,0,0,0,0,0,CLEAN,""
E42,0xB401,B_N64,TEST,256,962,128000,0.5352,0.9263,1.0119,0.1773,0.0602,0,0,0,0,0,0,0,CLEAN,""
E42,0xB401,A_N128,TEST,256,962,128000,0.1953,0.9053,1.0150,0.1854,0.0814,0,0,0,0,0,0,0,CLEAN,""
E42,0xB401,B_N128,TEST,256,962,128000,0.4023,0.9090,1.0219,0.1793,0.0693,0,0,0,0,0,0,0,CLEAN,""
E42,0xB401,GATE,TEST,0,0,0,0.0000,0.0000,0.0000,0.0000,0.0000,0,0,0,0,0,0,0,PASS,"N8:A=0.242,B=0.398 N16:A=0.215,B=0.387 N32:A=0.188,B=0.488 N64:A=0.363,B=0.535 N128:A=0.195,B=0.402"
E31,0xB402,DPHI,TEST,256,962,128000,0.1914,0.9031,0.9934,0.1816,0.0857,0,0,0,0,0,0,0,CLEAN,"0.28|0.38|0.03|0.25|0.50|0.03|0.06|0.00"
E31,0xB402,STATIC,TEST,256,0,0,0.0508,0.0000,1.0000,0.0000,0.3862,0,0,0,0,0,0,0,CLEAN,"0.00|0.12|0.00|0.03|0.03|0.00|0.00|0.22"
E31,0xB402,LINEAR,TEST,256,26,0,0.0000,0.1604,0.7234,0.0929,0.4052,0,0,0,0,0,0,0,CLEAN,"0.00|0.00|0.00|0.00|0.00|0.00|0.00|0.00"
E31,0xB402,RANDOM_DYN,TEST,256,962,0,0.0000,0.0583,1.8579,0.1813,0.9768,0,0,0,0,0,0,0,CLEAN,"0.00|0.00|0.00|0.00|0.00|0.00|0.00|0.00"
E31,0xB402,SHUFFLED_LABEL,TEST,256,962,128000,0.0000,0.0780,0.4810,0.6318,1.3050,0,0,0,0,0,0,0,CLEAN,"0.00|0.00|0.00|0.00|0.00|0.00|0.00|0.00"
E31,0xB402,NN_LOOKUP,TEST,256,6528,0,0.0117,0.5235,1.0286,0.1717,0.3442,256,0,0,0,256,0,0,LOOKUP_CONTROL,"0.03|0.00|0.00|0.03|0.00|0.00|0.00|0.03"
E31,0xB402,GATE,TEST,0,0,0,0.0000,0.0000,0.0000,0.0000,0.0000,0,0,0,0,0,0,0,PASS,"families_won=5 [translate rotate scale shear compose_rot_scale] dphi_acc=0.191 best_ctrl_acc=0.051"
E31,0xB402,DPHI,DEV,96,962,128000,0.2604,0.9108,0.9867,0.1913,0.0988,0,0,0,0,0,0,0,CLEAN,""
E32,0xB402,GATE,TEST,0,0,0,0.0000,0.0000,0.0000,0.0000,0.0000,0,0,0,0,0,0,0,PASS,"fams_sigma_within10%=7 frac_steps_sigma>1=0.944 translate:σD=1.081/σT=1.000 rotate:σD=1.088/σT=1.000 reflect:σD=1.115/σT=1.000 scale:σD=1.196/σT=1.123 shear:σD=1.145/σT=1.074 affine:σD=1.151/σT=1.079 compose_rot_scale:σD=1.080/σT=1.037 radial_warp:σD=1.140/σT=1.203"
E33,0xB402,DPHI_h1,TEST,256,962,128000,0.1914,0.9031,0.9934,0.1816,0.0857,0,0,0,0,0,0,0,CLEAN,"iterable_acc=0.203 fam=0.28|0.38|0.03|0.25|0.50|0.03|0.06|0.00"
E33,0xB402,DPHI_h2,TEST,256,962,128000,0.0156,0.7789,0.9900,0.1347,0.1526,0,0,0,0,0,0,0,CLEAN,"iterable_acc=0.031 fam=0.00|0.03|0.03|0.00|0.06|0.00|0.00|0.00"
E33,0xB402,DPHI_h4,TEST,256,962,128000,0.0000,0.7742,0.9373,0.2406,0.2665,0,0,0,0,0,0,0,CLEAN,"iterable_acc=0.000 fam=0.00|0.00|0.00|0.00|0.00|0.00|0.00|0.00"
E33,0xB402,DPHI_h8,TEST,256,962,128000,0.0000,0.7535,0.7951,0.3873,0.4767,0,0,0,0,0,0,0,CLEAN,"iterable_acc=0.000 fam=0.00|0.00|0.00|0.00|0.00|0.00|0.00|0.00"
E33,0xB402,DPHI_h16,TEST,256,962,128000,0.0000,0.6543,0.6401,0.5168,0.9104,0,0,0,0,0,0,0,CLEAN,"iterable_acc=0.000 fam=0.00|0.00|0.00|0.00|0.00|0.00|0.00|0.00"
E33,0xB402,DPHI_h32,TEST,256,962,128000,0.0000,0.5316,0.2979,0.5988,1.5248,0,0,0,0,0,0,0,CLEAN,"iterable_acc=0.000 fam=0.00|0.00|0.00|0.00|0.00|0.00|0.00|0.00"
E33,0xB402,DPHI_h64,TEST,256,962,128000,0.0000,0.4194,0.0698,0.6150,1.7778,0,0,0,0,0,0,0,CLEAN,"iterable_acc=0.000 fam=0.00|0.00|0.00|0.00|0.00|0.00|0.00|0.00"
E33,0xB402,GATE,TEST,0,0,0,0.0000,0.0000,0.0000,0.0000,0.0000,0,0,0,0,0,0,0,FAIL,"stability_region_h=0 iterable/all h1:0.20/0.19 h2:0.03/0.02 h4:0.00/0.00 h8:0.00/0.00 h16:0.00/0.00 h32:0.00/0.00 h64:0.00/0.00"
E34,0xB402,DPHI_h1,TEST,256,962,128000,0.1914,0.9031,0.9934,0.1816,0.0857,0,0,0,0,0,0,0,CLEAN,""
E34,0xB402,MLP_DIRECT_h1,TEST,256,962,128000,0.3125,0.9253,1.0103,0.1797,0.0769,0,0,0,0,0,0,0,CLEAN,""
E34,0xB402,DPHI_h4_iter,TEST,64,962,128000,0.0000,0.4477,0.9499,0.2193,0.3307,0,0,0,0,0,0,0,CLEAN,""
E34,0xB402,MLP_DIRECT_h4_iter,TEST,64,962,128000,0.0000,0.4640,1.0695,0.2149,0.3488,0,0,0,0,0,0,0,CLEAN,""
E34,0xB402,STATIC,TEST,256,0,0,0.0508,0.0000,1.0000,0.0000,0.3862,0,0,0,0,0,0,0,CLEAN,""
E34,0xB402,GATE,TEST,0,0,0,0.0000,0.0000,0.0000,0.0000,0.0000,0,0,0,0,0,0,0,FAIL,"dphi_h1=0.191 mlp_h1=0.312 dphi_h4=0.000 mlp_h4=0.000 static=0.051 params=962/962"
E35,0xB402,A_control,TEST,256,962,128000,0.1914,0.9031,0.9934,0.1816,0.0857,0,0,0,0,0,0,0,CLEAN,"fam=0.28|0.38|0.03|0.25|0.50|0.03|0.06|0.00"
E35,0xB402,B_cdt_experience,TEST,256,962,128000,0.3867,0.9261,0.9843,0.1771,0.0691,0,0,0,0,0,0,0,CLEAN,"fam=0.53|0.22|0.00|0.59|0.62|0.50|0.44|0.19 cdt_size=192 signal_numbers=384 cdt_dropped=true equiv_hits=0 any_equiv=false"
E35,0xB402,GATE,TEST,0,0,0,0.0000,0.0000,0.0000,0.0000,0.0000,0,0,0,0,0,0,0,PASS,"A=0.1914 B=0.3867 diff=0.1953 relerrA=0.0857 relerrB=0.0691 cdt_q=0 rqm_q=0 table_q=0 nn_q=0 attr_q=0 direct_q=0 leaked=0 target_seen_cdt=false target_equivalent_seen=false"
E35,0xB402,A_control,DEV,96,962,128000,0.2604,0.9108,0.9867,0.1913,0.0988,0,0,0,0,0,0,0,CLEAN,""
E35,0xB402,B_cdt_experience,DEV,96,962,128000,0.3229,0.9309,0.9740,0.1884,0.0772,0,0,0,0,0,0,0,CLEAN,""
E36,0xB402,A_no_experience,TEST,256,962,128000,0.1914,0.9031,0.9934,0.1816,0.0857,0,0,0,0,0,0,0,CLEAN,""
E36,0xB402,C_consolidated,TEST,256,962,128000,0.3867,0.9261,0.9843,0.1771,0.0691,0,0,0,0,0,0,0,CLEAN,""
E36,0xB402,B_raw_experience,TEST,256,962,128000,0.2227,0.9020,0.9882,0.1853,0.0814,0,0,0,0,0,0,0,CLEAN,""
E36,0xB402,D_corrupt_cdt,TEST,256,962,128000,0.0039,0.4361,0.8760,0.2275,0.3909,0,0,0,0,0,0,0,CLEAN,""
E36,0xB402,E_irrelevant_cdt,TEST,256,962,128000,0.0039,0.3968,1.0032,0.2142,0.3864,0,0,0,0,0,0,0,CLEAN,""
E36,0xB402,F_stats_no_topology,TEST,256,962,128000,0.0273,0.6415,0.9597,0.1202,0.2431,0,0,0,0,0,0,0,CLEAN,""
E36,0xB402,G_shuffled_order,TEST,256,962,128000,0.0000,0.2735,0.3227,0.4005,0.6693,0,0,0,0,0,0,0,CLEAN,""
E36,0xB402,GATE,TEST,0,0,0,0.0000,0.0000,0.0000,0.0000,0.0000,0,0,0,0,0,0,0,PASS,"C=0.387 B_raw=0.223 A=0.191 D_corrupt_cdt=0.004 E_irrelevant_cdt=0.004 F_stats_no_topology=0.027 G_shuffled_order=0.000"
E37,0xB402,GATE,TEST,0,0,0,0.0000,0.0000,0.0000,0.0000,0.0000,0,0,0,0,0,0,0,PASS,"pre_delete=0.3867 post_delete_fresh_process=0.3867 A=0.1914 fresh_process_queries=0 ckpt_sha=3f7d3830de103ec4c23f2fd1d9bb3d29383518591bac980d920406e92bd0888d"
E38,0xB402,GATE,TEST,0,0,0,0.0000,0.0000,0.0000,0.0000,0.0000,0,0,0,0,0,0,0,PASS,"P0=0.3867 P0_newtest=0.3750 A_newtest=0.1797 P1=0.3867(q=0) P2=P0(identity encoder) P3_lookup=0.0117(cdt_q=256) A=0.1914"
E39,0xB402,A_no_consolidation,TEST_triangle,256,962,128000,0.2422,0.8999,1.0009,0.1833,0.0737,0,0,0,0,0,0,0,CLEAN,""
E39,0xB402,B_consolidated,TEST_triangle,256,962,128000,0.2852,0.9011,1.0127,0.1792,0.0709,0,0,0,0,0,0,0,CLEAN,""
E39,0xB402,GATE,TEST,0,0,0,0.0000,0.0000,0.0000,0.0000,0.0000,0,0,0,0,0,0,0,FAIL,"A=0.242 B=0.285 static=0.039"
E40,0xB402,A_sequential,TEST,128,962,128000,0.1953,0.3464,1.0089,0.0922,0.4393,0,0,0,0,0,0,0,CLEAN,"final_per_rule=0.00|0.00|0.00|0.78"
E40,0xB402,B_cdt_replay,TEST,128,962,128000,0.3359,0.9147,0.9997,0.0438,0.0622,0,0,0,0,0,0,0,CLEAN,"final_per_rule=0.50|0.09|0.06|0.69"
E40,0xB402,D_corrupt_replay,TEST,128,962,128000,0.0938,0.1042,1.0178,0.0553,0.3207,0,0,0,0,0,0,0,CLEAN,"final_per_rule=0.00|0.00|0.00|0.38"
E40,0xB402,GATE,TEST,0,0,0,0.0000,0.0000,0.0000,0.0000,0.0000,0,0,0,0,0,0,0,PASS,"final A=0.195 B=0.336 D=0.094 forgetting A=0.823 B=0.625 D=0.271"
E41,0xB402,GATE,TEST,0,0,0,0.0000,0.0000,0.0000,0.0000,0.0000,0,0,0,0,0,0,0,PASS,"base_rot=0.219 base_translate=0.531 structured: redirect=0.719 rot_acc=0.000 | random(|Δ|F equal): redirect=0.000 rot_acc=0.000 | rollback_exact=true"
E42,0xB402,A_N8,TEST,256,962,128000,0.1758,0.8883,1.0037,0.1799,0.0902,0,0,0,0,0,0,0,CLEAN,""
E42,0xB402,B_N8,TEST,256,962,128000,0.1953,0.9010,0.9973,0.1732,0.0819,0,0,0,0,0,0,0,CLEAN,""
E42,0xB402,A_N16,TEST,256,962,128000,0.3125,0.9077,1.0155,0.1835,0.0709,0,0,0,0,0,0,0,CLEAN,""
E42,0xB402,B_N16,TEST,256,962,128000,0.4609,0.9319,1.0012,0.1803,0.0647,0,0,0,0,0,0,0,CLEAN,""
E42,0xB402,A_N32,TEST,256,962,128000,0.2930,0.9226,1.0043,0.1870,0.0739,0,0,0,0,0,0,0,CLEAN,""
E42,0xB402,B_N32,TEST,256,962,128000,0.1992,0.9179,1.0119,0.1817,0.0770,0,0,0,0,0,0,0,CLEAN,""
E42,0xB402,A_N64,TEST,256,962,128000,0.3125,0.9114,0.9793,0.1865,0.0752,0,0,0,0,0,0,0,CLEAN,""
E42,0xB402,B_N64,TEST,256,962,128000,0.3477,0.9077,0.9937,0.1850,0.0729,0,0,0,0,0,0,0,CLEAN,""
E42,0xB402,A_N128,TEST,256,962,128000,0.2891,0.9334,0.9796,0.1848,0.0734,0,0,0,0,0,0,0,CLEAN,""
E42,0xB402,B_N128,TEST,256,962,128000,0.1953,0.9120,0.9669,0.1771,0.0775,0,0,0,0,0,0,0,CLEAN,""
E42,0xB402,GATE,TEST,0,0,0,0.0000,0.0000,0.0000,0.0000,0.0000,0,0,0,0,0,0,0,FAIL,"N8:A=0.176,B=0.195 N16:A=0.312,B=0.461 N32:A=0.293,B=0.199 N64:A=0.312,B=0.348 N128:A=0.289,B=0.195"
E31,0xB403,DPHI,TEST,256,962,128000,0.3398,0.9040,1.0096,0.1791,0.0690,0,0,0,0,0,0,0,CLEAN,"0.25|0.56|0.09|0.62|0.38|0.50|0.25|0.06"
E31,0xB403,STATIC,TEST,256,0,0,0.0664,0.0000,1.0000,0.0000,0.3948,0,0,0,0,0,0,0,CLEAN,"0.00|0.12|0.00|0.03|0.06|0.00|0.03|0.28"
E31,0xB403,LINEAR,TEST,256,26,0,0.0000,0.1397,0.7456,0.1128,0.4231,0,0,0,0,0,0,0,CLEAN,"0.00|0.00|0.00|0.00|0.00|0.00|0.00|0.00"
E31,0xB403,RANDOM_DYN,TEST,256,962,0,0.0000,-0.0064,1.1314,0.1657,0.6863,0,0,0,0,0,0,0,CLEAN,"0.00|0.00|0.00|0.00|0.00|0.00|0.00|0.00"
E31,0xB403,SHUFFLED_LABEL,TEST,256,962,128000,0.0000,0.0824,0.4061,0.6146,1.2227,0,0,0,0,0,0,0,CLEAN,"0.00|0.00|0.00|0.00|0.00|0.00|0.00|0.00"
E31,0xB403,NN_LOOKUP,TEST,256,6528,0,0.0312,0.5117,0.9878,0.1741,0.3241,256,0,0,0,256,0,0,LOOKUP_CONTROL,"0.03|0.06|0.00|0.00|0.03|0.00|0.00|0.12"
E31,0xB403,GATE,TEST,0,0,0,0.0000,0.0000,0.0000,0.0000,0.0000,0,0,0,0,0,0,0,PASS,"families_won=7 [translate rotate reflect scale shear affine compose_rot_scale] dphi_acc=0.340 best_ctrl_acc=0.066"
E31,0xB403,DPHI,DEV,96,962,128000,0.3438,0.9418,1.0085,0.1828,0.0751,0,0,0,0,0,0,0,CLEAN,""
E32,0xB403,GATE,TEST,0,0,0,0.0000,0.0000,0.0000,0.0000,0.0000,0,0,0,0,0,0,0,PASS,"fams_sigma_within10%=7 frac_steps_sigma>1=1.000 translate:σD=1.110/σT=1.000 rotate:σD=1.091/σT=1.000 reflect:σD=1.096/σT=1.000 scale:σD=1.202/σT=1.100 shear:σD=1.196/σT=1.120 affine:σD=1.171/σT=1.080 compose_rot_scale:σD=1.148/σT=1.086 radial_warp:σD=1.163/σT=1.260"
E33,0xB403,DPHI_h1,TEST,256,962,128000,0.3398,0.9040,1.0096,0.1791,0.0690,0,0,0,0,0,0,0,CLEAN,"iterable_acc=0.328 fam=0.25|0.56|0.09|0.62|0.38|0.50|0.25|0.06"
E33,0xB403,DPHI_h2,TEST,256,962,128000,0.0312,0.7775,1.0081,0.1231,0.1218,0,0,0,0,0,0,0,CLEAN,"iterable_acc=0.047 fam=0.03|0.03|0.06|0.06|0.00|0.06|0.00|0.00"
E33,0xB403,DPHI_h4,TEST,256,962,128000,0.0000,0.7702,1.0046,0.2265,0.2312,0,0,0,0,0,0,0,CLEAN,"iterable_acc=0.000 fam=0.00|0.00|0.00|0.00|0.00|0.00|0.00|0.00"
E33,0xB403,DPHI_h8,TEST,256,962,128000,0.0000,0.7402,0.9336,0.3720,0.4562,0,0,0,0,0,0,0,CLEAN,"iterable_acc=0.000 fam=0.00|0.00|0.00|0.00|0.00|0.00|0.00|0.00"
E33,0xB403,DPHI_h16,TEST,256,962,128000,0.0000,0.6141,0.7879,0.5230,0.9139,0,0,0,0,0,0,0,CLEAN,"iterable_acc=0.000 fam=0.00|0.00|0.00|0.00|0.00|0.00|0.00|0.00"
E33,0xB403,DPHI_h32,TEST,256,962,128000,0.0000,0.4566,0.7017,0.6152,1.4893,0,0,0,0,0,0,0,CLEAN,"iterable_acc=0.000 fam=0.00|0.00|0.00|0.00|0.00|0.00|0.00|0.00"
E33,0xB403,DPHI_h64,TEST,256,962,128000,0.0000,0.3939,0.3368,0.6478,1.8447,0,0,0,0,0,0,0,CLEAN,"iterable_acc=0.000 fam=0.00|0.00|0.00|0.00|0.00|0.00|0.00|0.00"
E33,0xB403,GATE,TEST,0,0,0,0.0000,0.0000,0.0000,0.0000,0.0000,0,0,0,0,0,0,0,FAIL,"stability_region_h=0 iterable/all h1:0.33/0.34 h2:0.05/0.03 h4:0.00/0.00 h8:0.00/0.00 h16:0.00/0.00 h32:0.00/0.00 h64:0.00/0.00"
E34,0xB403,DPHI_h1,TEST,256,962,128000,0.3398,0.9040,1.0096,0.1791,0.0690,0,0,0,0,0,0,0,CLEAN,""
E34,0xB403,MLP_DIRECT_h1,TEST,256,962,128000,0.1953,0.8954,1.0111,0.1798,0.0763,0,0,0,0,0,0,0,CLEAN,""
E34,0xB403,DPHI_h4_iter,TEST,64,962,128000,0.0000,0.4559,1.0038,0.1538,0.2120,0,0,0,0,0,0,0,CLEAN,""
E34,0xB403,MLP_DIRECT_h4_iter,TEST,64,962,128000,0.0000,0.4544,0.9251,0.1439,0.2219,0,0,0,0,0,0,0,CLEAN,""
E34,0xB403,STATIC,TEST,256,0,0,0.0664,0.0000,1.0000,0.0000,0.3948,0,0,0,0,0,0,0,CLEAN,""
E34,0xB403,GATE,TEST,0,0,0,0.0000,0.0000,0.0000,0.0000,0.0000,0,0,0,0,0,0,0,PASS,"dphi_h1=0.340 mlp_h1=0.195 dphi_h4=0.000 mlp_h4=0.000 static=0.066 params=962/962"
E35,0xB403,A_control,TEST,256,962,128000,0.3398,0.9040,1.0096,0.1791,0.0690,0,0,0,0,0,0,0,CLEAN,"fam=0.25|0.56|0.09|0.62|0.38|0.50|0.25|0.06"
E35,0xB403,B_cdt_experience,TEST,256,962,128000,0.2617,0.8954,0.9943,0.1804,0.0728,0,0,0,0,0,0,0,CLEAN,"fam=0.44|0.41|0.00|0.22|0.06|0.50|0.28|0.19 cdt_size=192 signal_numbers=384 cdt_dropped=true equiv_hits=0 any_equiv=false"
E35,0xB403,GATE,TEST,0,0,0,0.0000,0.0000,0.0000,0.0000,0.0000,0,0,0,0,0,0,0,FAIL,"A=0.3398 B=0.2617 diff=-0.0781 relerrA=0.0690 relerrB=0.0728 cdt_q=0 rqm_q=0 table_q=0 nn_q=0 attr_q=0 direct_q=0 leaked=0 target_seen_cdt=false target_equivalent_seen=false"
E35,0xB403,A_control,DEV,96,962,128000,0.3438,0.9418,1.0085,0.1828,0.0751,0,0,0,0,0,0,0,CLEAN,""
E35,0xB403,B_cdt_experience,DEV,96,962,128000,0.2083,0.9283,1.0043,0.1841,0.0837,0,0,0,0,0,0,0,CLEAN,""
E36,0xB403,A_no_experience,TEST,256,962,128000,0.3398,0.9040,1.0096,0.1791,0.0690,0,0,0,0,0,0,0,CLEAN,""
E36,0xB403,C_consolidated,TEST,256,962,128000,0.2617,0.8954,0.9943,0.1804,0.0728,0,0,0,0,0,0,0,CLEAN,""
E36,0xB403,B_raw_experience,TEST,256,962,128000,0.2109,0.8739,0.9898,0.1794,0.0818,0,0,0,0,0,0,0,CLEAN,""
E36,0xB403,D_corrupt_cdt,TEST,256,962,128000,0.0000,0.4930,0.9451,0.2109,0.3787,0,0,0,0,0,0,0,CLEAN,""
E36,0xB403,E_irrelevant_cdt,TEST,256,962,128000,0.0000,0.3686,1.0554,0.1584,0.4007,0,0,0,0,0,0,0,CLEAN,""
E36,0xB403,F_stats_no_topology,TEST,256,962,128000,0.0508,0.6515,0.9977,0.1085,0.2575,0,0,0,0,0,0,0,CLEAN,""
E36,0xB403,G_shuffled_order,TEST,256,962,128000,0.0000,0.2506,0.3008,0.3944,0.6507,0,0,0,0,0,0,0,CLEAN,""
E36,0xB403,GATE,TEST,0,0,0,0.0000,0.0000,0.0000,0.0000,0.0000,0,0,0,0,0,0,0,PASS,"C=0.262 B_raw=0.211 A=0.340 D_corrupt_cdt=0.000 E_irrelevant_cdt=0.000 F_stats_no_topology=0.051 G_shuffled_order=0.000"
E37,0xB403,GATE,TEST,0,0,0,0.0000,0.0000,0.0000,0.0000,0.0000,0,0,0,0,0,0,0,FAIL,"pre_delete=0.2617 post_delete_fresh_process=0.2617 A=0.3398 fresh_process_queries=0 ckpt_sha=7caaba3cd67ea120e8b1b14f75f9298a3c9c5579f161f1e7e78adbce6da1f2c2"
E38,0xB403,GATE,TEST,0,0,0,0.0000,0.0000,0.0000,0.0000,0.0000,0,0,0,0,0,0,0,FAIL,"P0=0.2617 P0_newtest=0.2852 A_newtest=0.3516 P1=0.2617(q=0) P2=P0(identity encoder) P3_lookup=0.0312(cdt_q=256) A=0.3398"
E39,0xB403,A_no_consolidation,TEST_triangle,256,962,128000,0.2188,0.8949,1.0031,0.1849,0.0797,0,0,0,0,0,0,0,CLEAN,""
E39,0xB403,B_consolidated,TEST_triangle,256,962,128000,0.3594,0.8979,1.0075,0.1781,0.0683,0,0,0,0,0,0,0,CLEAN,""
E39,0xB403,GATE,TEST,0,0,0,0.0000,0.0000,0.0000,0.0000,0.0000,0,0,0,0,0,0,0,PASS,"A=0.219 B=0.359 static=0.039"
E40,0xB403,A_sequential,TEST,128,962,128000,0.1562,0.4214,1.0103,0.0630,0.3686,0,0,0,0,0,0,0,CLEAN,"final_per_rule=0.00|0.00|0.00|0.62"
E40,0xB403,B_cdt_replay,TEST,128,962,128000,0.7422,0.9686,0.9971,0.0497,0.0419,0,0,0,0,0,0,0,CLEAN,"final_per_rule=0.78|0.91|0.53|0.75"
E40,0xB403,D_corrupt_replay,TEST,128,962,128000,0.0703,0.0810,0.9978,0.0552,0.3441,0,0,0,0,0,0,0,CLEAN,"final_per_rule=0.00|0.00|0.00|0.28"
E40,0xB403,GATE,TEST,0,0,0,0.0000,0.0000,0.0000,0.0000,0.0000,0,0,0,0,0,0,0,PASS,"final A=0.156 B=0.742 D=0.070 forgetting A=0.917 B=0.146 D=0.333"
E41,0xB403,GATE,TEST,0,0,0,0.0000,0.0000,0.0000,0.0000,0.0000,0,0,0,0,0,0,0,PASS,"base_rot=0.406 base_translate=0.438 structured: redirect=0.406 rot_acc=0.000 | random(|Δ|F equal): redirect=0.000 rot_acc=0.000 | rollback_exact=true"
E42,0xB403,A_N8,TEST,256,962,128000,0.2734,0.9129,0.9926,0.1788,0.0829,0,0,0,0,0,0,0,CLEAN,""
E42,0xB403,B_N8,TEST,256,962,128000,0.2266,0.9062,0.9729,0.1736,0.0850,0,0,0,0,0,0,0,CLEAN,""
E42,0xB403,A_N16,TEST,256,962,128000,0.1016,0.8783,1.0116,0.1869,0.0888,0,0,0,0,0,0,0,CLEAN,""
E42,0xB403,B_N16,TEST,256,962,128000,0.3789,0.9072,0.9799,0.1800,0.0634,0,0,0,0,0,0,0,CLEAN,""
E42,0xB403,A_N32,TEST,256,962,128000,0.2578,0.8963,0.9956,0.1816,0.0785,0,0,0,0,0,0,0,CLEAN,""
E42,0xB403,B_N32,TEST,256,962,128000,0.3398,0.8996,1.0111,0.1767,0.0773,0,0,0,0,0,0,0,CLEAN,""
E42,0xB403,A_N64,TEST,256,962,128000,0.2969,0.9211,0.9917,0.1842,0.0737,0,0,0,0,0,0,0,CLEAN,""
E42,0xB403,B_N64,TEST,256,962,128000,0.3633,0.9328,1.0035,0.1763,0.0709,0,0,0,0,0,0,0,CLEAN,""
E42,0xB403,A_N128,TEST,256,962,128000,0.2188,0.9049,1.0158,0.1836,0.0783,0,0,0,0,0,0,0,CLEAN,""
E42,0xB403,B_N128,TEST,256,962,128000,0.2500,0.9189,1.0062,0.1812,0.0752,0,0,0,0,0,0,0,CLEAN,""
E42,0xB403,GATE,TEST,0,0,0,0.0000,0.0000,0.0000,0.0000,0.0000,0,0,0,0,0,0,0,FAIL,"N8:A=0.273,B=0.227 N16:A=0.102,B=0.379 N32:A=0.258,B=0.340 N64:A=0.297,B=0.363 N128:A=0.219,B=0.250"
E31,0xB404,DPHI,TEST,256,962,128000,0.2383,0.8974,1.0205,0.1857,0.0799,0,0,0,0,0,0,0,CLEAN,"0.47|0.16|0.03|0.38|0.12|0.56|0.16|0.03"
E31,0xB404,STATIC,TEST,256,0,0,0.0312,0.0000,1.0000,0.0000,0.3927,0,0,0,0,0,0,0,CLEAN,"0.03|0.06|0.00|0.00|0.00|0.00|0.03|0.12"
E31,0xB404,LINEAR,TEST,256,26,0,0.0000,0.1474,0.7005,0.0582,0.4159,0,0,0,0,0,0,0,CLEAN,"0.00|0.00|0.00|0.00|0.00|0.00|0.00|0.00"
E31,0xB404,RANDOM_DYN,TEST,256,962,0,0.0000,-0.0384,2.2103,0.1747,0.9924,0,0,0,0,0,0,0,CLEAN,"0.00|0.00|0.00|0.00|0.00|0.00|0.00|0.00"
E31,0xB404,SHUFFLED_LABEL,TEST,256,962,128000,0.0000,0.0647,0.3414,0.6143,1.0920,0,0,0,0,0,0,0,CLEAN,"0.00|0.00|0.00|0.00|0.00|0.00|0.00|0.00"
E31,0xB404,NN_LOOKUP,TEST,256,6528,0,0.0078,0.4724,0.9930,0.1903,0.3453,256,0,0,0,256,0,0,LOOKUP_CONTROL,"0.06|0.00|0.00|0.00|0.00|0.00|0.00|0.00"
E31,0xB404,GATE,TEST,0,0,0,0.0000,0.0000,0.0000,0.0000,0.0000,0,0,0,0,0,0,0,PASS,"families_won=6 [translate rotate scale shear affine compose_rot_scale] dphi_acc=0.238 best_ctrl_acc=0.031"
E31,0xB404,DPHI,DEV,96,962,128000,0.2917,0.9420,1.0144,0.1944,0.0739,0,0,0,0,0,0,0,CLEAN,""
E32,0xB404,GATE,TEST,0,0,0,0.0000,0.0000,0.0000,0.0000,0.0000,0,0,0,0,0,0,0,PASS,"fams_sigma_within10%=5 frac_steps_sigma>1=0.969 translate:σD=1.102/σT=1.000 rotate:σD=1.109/σT=1.000 reflect:σD=1.122/σT=1.000 scale:σD=1.199/σT=1.130 shear:σD=1.226/σT=1.156 affine:σD=1.195/σT=1.093 compose_rot_scale:σD=1.052/σT=0.966 radial_warp:σD=1.164/σT=1.194"
E33,0xB404,DPHI_h1,TEST,256,962,128000,0.2383,0.8974,1.0205,0.1857,0.0799,0,0,0,0,0,0,0,CLEAN,"iterable_acc=0.094 fam=0.47|0.16|0.03|0.38|0.12|0.56|0.16|0.03"
E33,0xB404,DPHI_h2,TEST,256,962,128000,0.0156,0.7722,1.0375,0.1357,0.1451,0,0,0,0,0,0,0,CLEAN,"iterable_acc=0.000 fam=0.06|0.00|0.00|0.00|0.00|0.06|0.00|0.00"
E33,0xB404,DPHI_h4,TEST,256,962,128000,0.0000,0.7663,1.0444,0.2424,0.2736,0,0,0,0,0,0,0,CLEAN,"iterable_acc=0.000 fam=0.00|0.00|0.00|0.00|0.00|0.00|0.00|0.00"
E33,0xB404,DPHI_h8,TEST,256,962,128000,0.0000,0.7316,0.9539,0.4006,0.5339,0,0,0,0,0,0,0,CLEAN,"iterable_acc=0.000 fam=0.00|0.00|0.00|0.00|0.00|0.00|0.00|0.00"
E33,0xB404,DPHI_h16,TEST,256,962,128000,0.0000,0.6216,0.6997,0.5445,1.1183,0,0,0,0,0,0,0,CLEAN,"iterable_acc=0.000 fam=0.00|0.00|0.00|0.00|0.00|0.00|0.00|0.00"
E33,0xB404,DPHI_h32,TEST,256,962,128000,0.0000,0.4709,0.2612,0.6251,1.5770,0,0,0,0,0,0,0,CLEAN,"iterable_acc=0.000 fam=0.00|0.00|0.00|0.00|0.00|0.00|0.00|0.00"
E33,0xB404,DPHI_h64,TEST,256,962,128000,0.0000,0.3677,0.0458,0.6238,1.7920,0,0,0,0,0,0,0,CLEAN,"iterable_acc=0.000 fam=0.00|0.00|0.00|0.00|0.00|0.00|0.00|0.00"
E33,0xB404,GATE,TEST,0,0,0,0.0000,0.0000,0.0000,0.0000,0.0000,0,0,0,0,0,0,0,FAIL,"stability_region_h=0 iterable/all h1:0.09/0.24 h2:0.00/0.02 h4:0.00/0.00 h8:0.00/0.00 h16:0.00/0.00 h32:0.00/0.00 h64:0.00/0.00"
E34,0xB404,DPHI_h1,TEST,256,962,128000,0.2383,0.8974,1.0205,0.1857,0.0799,0,0,0,0,0,0,0,CLEAN,""
E34,0xB404,MLP_DIRECT_h1,TEST,256,962,128000,0.2656,0.9046,1.0175,0.1853,0.0777,0,0,0,0,0,0,0,CLEAN,""
E34,0xB404,DPHI_h4_iter,TEST,64,962,128000,0.0000,0.4590,1.0691,0.1763,0.3088,0,0,0,0,0,0,0,CLEAN,""
E34,0xB404,MLP_DIRECT_h4_iter,TEST,64,962,128000,0.0000,0.4637,1.0299,0.1604,0.3077,0,0,0,0,0,0,0,CLEAN,""
E34,0xB404,STATIC,TEST,256,0,0,0.0312,0.0000,1.0000,0.0000,0.3927,0,0,0,0,0,0,0,CLEAN,""
E34,0xB404,GATE,TEST,0,0,0,0.0000,0.0000,0.0000,0.0000,0.0000,0,0,0,0,0,0,0,FAIL,"dphi_h1=0.238 mlp_h1=0.266 dphi_h4=0.000 mlp_h4=0.000 static=0.031 params=962/962"
E35,0xB404,A_control,TEST,256,962,128000,0.2383,0.8974,1.0205,0.1857,0.0799,0,0,0,0,0,0,0,CLEAN,"fam=0.47|0.16|0.03|0.38|0.12|0.56|0.16|0.03"
E35,0xB404,B_cdt_experience,TEST,256,962,128000,0.2695,0.8948,0.9979,0.1810,0.0755,0,0,0,0,0,0,0,CLEAN,"fam=0.41|0.12|0.00|0.50|0.75|0.09|0.25|0.03 cdt_size=192 signal_numbers=384 cdt_dropped=true equiv_hits=0 any_equiv=false"
E35,0xB404,GATE,TEST,0,0,0,0.0000,0.0000,0.0000,0.0000,0.0000,0,0,0,0,0,0,0,FAIL,"A=0.2383 B=0.2695 diff=0.0312 relerrA=0.0799 relerrB=0.0755 cdt_q=0 rqm_q=0 table_q=0 nn_q=0 attr_q=0 direct_q=0 leaked=0 target_seen_cdt=false target_equivalent_seen=false"
E35,0xB404,A_control,DEV,96,962,128000,0.2917,0.9420,1.0144,0.1944,0.0739,0,0,0,0,0,0,0,CLEAN,""
E35,0xB404,B_cdt_experience,DEV,96,962,128000,0.2083,0.9355,1.0027,0.1960,0.0782,0,0,0,0,0,0,0,CLEAN,""
E36,0xB404,A_no_experience,TEST,256,962,128000,0.2383,0.8974,1.0205,0.1857,0.0799,0,0,0,0,0,0,0,CLEAN,""
E36,0xB404,C_consolidated,TEST,256,962,128000,0.2695,0.8948,0.9979,0.1810,0.0755,0,0,0,0,0,0,0,CLEAN,""
E36,0xB404,B_raw_experience,TEST,256,962,128000,0.2656,0.9175,1.0189,0.1845,0.0749,0,0,0,0,0,0,0,CLEAN,""
E36,0xB404,D_corrupt_cdt,TEST,256,962,128000,0.0000,0.4958,0.9190,0.2245,0.3708,0,0,0,0,0,0,0,CLEAN,""
E36,0xB404,E_irrelevant_cdt,TEST,256,962,128000,0.0039,0.4832,1.0217,0.1765,0.3901,0,0,0,0,0,0,0,CLEAN,""
E36,0xB404,F_stats_no_topology,TEST,256,962,128000,0.0586,0.6830,1.0163,0.1165,0.2345,0,0,0,0,0,0,0,CLEAN,""
E36,0xB404,G_shuffled_order,TEST,256,962,128000,0.0000,0.2425,0.2491,0.4043,0.6611,0,0,0,0,0,0,0,CLEAN,""
E36,0xB404,GATE,TEST,0,0,0,0.0000,0.0000,0.0000,0.0000,0.0000,0,0,0,0,0,0,0,FAIL,"C=0.270 B_raw=0.266 A=0.238 D_corrupt_cdt=0.000 E_irrelevant_cdt=0.004 F_stats_no_topology=0.059 G_shuffled_order=0.000"
E37,0xB404,GATE,TEST,0,0,0,0.0000,0.0000,0.0000,0.0000,0.0000,0,0,0,0,0,0,0,FAIL,"pre_delete=0.2695 post_delete_fresh_process=0.2695 A=0.2383 fresh_process_queries=0 ckpt_sha=944bb23c7f61d7540918087fe11d8549cab20f1ce6f44953e919cdb63f6a52ee"
E38,0xB404,GATE,TEST,0,0,0,0.0000,0.0000,0.0000,0.0000,0.0000,0,0,0,0,0,0,0,FAIL,"P0=0.2695 P0_newtest=0.2656 A_newtest=0.2500 P1=0.2695(q=0) P2=P0(identity encoder) P3_lookup=0.0078(cdt_q=256) A=0.2383"
E39,0xB404,A_no_consolidation,TEST_triangle,256,962,128000,0.1836,0.9101,1.0033,0.1828,0.0781,0,0,0,0,0,0,0,CLEAN,""
E39,0xB404,B_consolidated,TEST_triangle,256,962,128000,0.3281,0.9113,0.9857,0.1785,0.0656,0,0,0,0,0,0,0,CLEAN,""
E39,0xB404,GATE,TEST,0,0,0,0.0000,0.0000,0.0000,0.0000,0.0000,0,0,0,0,0,0,0,PASS,"A=0.184 B=0.328 static=0.062"
E40,0xB404,A_sequential,TEST,128,962,128000,0.1641,0.4536,1.0349,0.1076,0.3972,0,0,0,0,0,0,0,CLEAN,"final_per_rule=0.00|0.00|0.00|0.66"
E40,0xB404,B_cdt_replay,TEST,128,962,128000,0.5312,0.9602,1.0221,0.0524,0.0551,0,0,0,0,0,0,0,CLEAN,"final_per_rule=0.72|0.75|0.03|0.62"
E40,0xB404,D_corrupt_replay,TEST,128,962,128000,0.0703,0.0516,1.0184,0.0543,0.3250,0,0,0,0,0,0,0,CLEAN,"final_per_rule=0.00|0.00|0.00|0.28"
E40,0xB404,GATE,TEST,0,0,0,0.0000,0.0000,0.0000,0.0000,0.0000,0,0,0,0,0,0,0,PASS,"final A=0.164 B=0.531 D=0.070 forgetting A=0.938 B=0.427 D=0.302"
E41,0xB404,GATE,TEST,0,0,0,0.0000,0.0000,0.0000,0.0000,0.0000,0,0,0,0,0,0,0,PASS,"base_rot=0.125 base_translate=0.406 structured: redirect=0.406 rot_acc=0.000 | random(|Δ|F equal): redirect=0.000 rot_acc=0.000 | rollback_exact=true"
E42,0xB404,A_N8,TEST,256,962,128000,0.2031,0.8979,1.0072,0.1803,0.0774,0,0,0,0,0,0,0,CLEAN,""
E42,0xB404,B_N8,TEST,256,962,128000,0.2852,0.9124,1.0289,0.1746,0.0734,0,0,0,0,0,0,0,CLEAN,""
E42,0xB404,A_N16,TEST,256,962,128000,0.3750,0.9333,1.0246,0.1839,0.0762,0,0,0,0,0,0,0,CLEAN,""
E42,0xB404,B_N16,TEST,256,962,128000,0.3828,0.9213,1.0076,0.1839,0.0685,0,0,0,0,0,0,0,CLEAN,""
E42,0xB404,A_N32,TEST,256,962,128000,0.4180,0.9289,0.9943,0.1801,0.0656,0,0,0,0,0,0,0,CLEAN,""
E42,0xB404,B_N32,TEST,256,962,128000,0.4688,0.9272,0.9991,0.1749,0.0639,0,0,0,0,0,0,0,CLEAN,""
E42,0xB404,A_N64,TEST,256,962,128000,0.1953,0.9298,0.9832,0.1932,0.0790,0,0,0,0,0,0,0,CLEAN,""
E42,0xB404,B_N64,TEST,256,962,128000,0.2969,0.9105,0.9784,0.1825,0.0731,0,0,0,0,0,0,0,CLEAN,""
E42,0xB404,A_N128,TEST,256,962,128000,0.2500,0.9123,1.0031,0.1891,0.0818,0,0,0,0,0,0,0,CLEAN,""
E42,0xB404,B_N128,TEST,256,962,128000,0.3359,0.9169,0.9965,0.1864,0.0695,0,0,0,0,0,0,0,CLEAN,""
E42,0xB404,GATE,TEST,0,0,0,0.0000,0.0000,0.0000,0.0000,0.0000,0,0,0,0,0,0,0,FAIL,"N8:A=0.203,B=0.285 N16:A=0.375,B=0.383 N32:A=0.418,B=0.469 N64:A=0.195,B=0.297 N128:A=0.250,B=0.336"
E31,0xB405,DPHI,TEST,256,962,128000,0.2383,0.9061,0.9884,0.1798,0.0804,0,0,0,0,0,0,0,CLEAN,"0.31|0.06|0.00|0.50|0.06|0.72|0.06|0.19"
E31,0xB405,STATIC,TEST,256,0,0,0.0234,0.0000,0.9978,0.0000,0.3665,0,0,0,0,0,0,0,CLEAN,"0.00|0.03|0.00|0.00|0.03|0.00|0.00|0.12"
E31,0xB405,LINEAR,TEST,256,26,0,0.0039,0.0686,0.7318,0.1001,0.4084,0,0,0,0,0,0,0,CLEAN,"0.00|0.00|0.00|0.03|0.00|0.00|0.00|0.00"
E31,0xB405,RANDOM_DYN,TEST,256,962,0,0.0000,0.0873,0.8169,0.3599,0.7662,0,0,0,0,0,0,0,CLEAN,"0.00|0.00|0.00|0.00|0.00|0.00|0.00|0.00"
E31,0xB405,SHUFFLED_LABEL,TEST,256,962,128000,0.0000,0.0513,0.3202,0.6702,1.1538,0,0,0,0,0,0,0,CLEAN,"0.00|0.00|0.00|0.00|0.00|0.00|0.00|0.00"
E31,0xB405,NN_LOOKUP,TEST,256,6528,0,0.0273,0.5662,0.9907,0.1756,0.3219,256,0,0,0,256,0,0,LOOKUP_CONTROL,"0.09|0.00|0.00|0.00|0.03|0.00|0.00|0.09"
E31,0xB405,GATE,TEST,0,0,0,0.0000,0.0000,0.0000,0.0000,0.0000,0,0,0,0,0,0,0,PASS,"families_won=5 [translate scale affine compose_rot_scale radial_warp] dphi_acc=0.238 best_ctrl_acc=0.027"
E31,0xB405,DPHI,DEV,96,962,128000,0.1875,0.9291,0.9965,0.1882,0.0933,0,0,0,0,0,0,0,CLEAN,""
E32,0xB405,GATE,TEST,0,0,0,0.0000,0.0000,0.0000,0.0000,0.0000,0,0,0,0,0,0,0,PASS,"fams_sigma_within10%=6 frac_steps_sigma>1=0.976 translate:σD=1.075/σT=1.000 rotate:σD=1.083/σT=1.000 reflect:σD=1.108/σT=1.000 scale:σD=1.164/σT=1.145 shear:σD=1.185/σT=1.172 affine:σD=1.159/σT=1.090 compose_rot_scale:σD=1.142/σT=1.030 radial_warp:σD=1.110/σT=1.213"
E33,0xB405,DPHI_h1,TEST,256,962,128000,0.2383,0.9061,0.9884,0.1798,0.0804,0,0,0,0,0,0,0,CLEAN,"iterable_acc=0.031 fam=0.31|0.06|0.00|0.50|0.06|0.72|0.06|0.19"
E33,0xB405,DPHI_h2,TEST,256,962,128000,0.0195,0.7821,0.9889,0.1272,0.1408,0,0,0,0,0,0,0,CLEAN,"iterable_acc=0.000 fam=0.00|0.00|0.00|0.00|0.00|0.16|0.00|0.00"
E33,0xB405,DPHI_h4,TEST,256,962,128000,0.0000,0.7766,0.9536,0.2297,0.2640,0,0,0,0,0,0,0,CLEAN,"iterable_acc=0.000 fam=0.00|0.00|0.00|0.00|0.00|0.00|0.00|0.00"
E33,0xB405,DPHI_h8,TEST,256,962,128000,0.0000,0.7532,0.8154,0.3779,0.5027,0,0,0,0,0,0,0,CLEAN,"iterable_acc=0.000 fam=0.00|0.00|0.00|0.00|0.00|0.00|0.00|0.00"
E33,0xB405,DPHI_h16,TEST,256,962,128000,0.0000,0.6480,0.5014,0.5170,0.9857,0,0,0,0,0,0,0,CLEAN,"iterable_acc=0.000 fam=0.00|0.00|0.00|0.00|0.00|0.00|0.00|0.00"
E33,0xB405,DPHI_h32,TEST,256,962,128000,0.0000,0.5028,0.2348,0.6160,1.3845,0,0,0,0,0,0,0,CLEAN,"iterable_acc=0.000 fam=0.00|0.00|0.00|0.00|0.00|0.00|0.00|0.00"
E33,0xB405,DPHI_h64,TEST,256,962,128000,0.0117,0.4324,0.0737,0.6285,1.6851,0,0,0,0,0,0,0,CLEAN,"iterable_acc=0.000 fam=0.00|0.00|0.00|0.00|0.00|0.09|0.00|0.00"
E33,0xB405,GATE,TEST,0,0,0,0.0000,0.0000,0.0000,0.0000,0.0000,0,0,0,0,0,0,0,FAIL,"stability_region_h=0 iterable/all h1:0.03/0.24 h2:0.00/0.02 h4:0.00/0.00 h8:0.00/0.00 h16:0.00/0.00 h32:0.00/0.00 h64:0.00/0.01"
E34,0xB405,DPHI_h1,TEST,256,962,128000,0.2383,0.9061,0.9884,0.1798,0.0804,0,0,0,0,0,0,0,CLEAN,""
E34,0xB405,MLP_DIRECT_h1,TEST,256,962,128000,0.1914,0.9203,1.0065,0.1845,0.0826,0,0,0,0,0,0,0,CLEAN,""
E34,0xB405,DPHI_h4_iter,TEST,64,962,128000,0.0000,0.4351,0.9396,0.1887,0.3329,0,0,0,0,0,0,0,CLEAN,""
E34,0xB405,MLP_DIRECT_h4_iter,TEST,64,962,128000,0.0000,0.4578,1.0114,0.1829,0.3266,0,0,0,0,0,0,0,CLEAN,""
E34,0xB405,STATIC,TEST,256,0,0,0.0234,0.0000,0.9978,0.0000,0.3665,0,0,0,0,0,0,0,CLEAN,""
E34,0xB405,GATE,TEST,0,0,0,0.0000,0.0000,0.0000,0.0000,0.0000,0,0,0,0,0,0,0,FAIL,"dphi_h1=0.238 mlp_h1=0.191 dphi_h4=0.000 mlp_h4=0.000 static=0.023 params=962/962"
E35,0xB405,A_control,TEST,256,962,128000,0.2383,0.9061,0.9884,0.1798,0.0804,0,0,0,0,0,0,0,CLEAN,"fam=0.31|0.06|0.00|0.50|0.06|0.72|0.06|0.19"
E35,0xB405,B_cdt_experience,TEST,256,962,128000,0.4727,0.9299,1.0085,0.1743,0.0622,0,0,0,0,0,0,0,CLEAN,"fam=0.78|0.41|0.03|0.59|0.66|0.69|0.38|0.25 cdt_size=192 signal_numbers=384 cdt_dropped=true equiv_hits=0 any_equiv=false"
E35,0xB405,GATE,TEST,0,0,0,0.0000,0.0000,0.0000,0.0000,0.0000,0,0,0,0,0,0,0,PASS,"A=0.2383 B=0.4727 diff=0.2344 relerrA=0.0804 relerrB=0.0622 cdt_q=0 rqm_q=0 table_q=0 nn_q=0 attr_q=0 direct_q=0 leaked=0 target_seen_cdt=false target_equivalent_seen=false"
E35,0xB405,A_control,DEV,96,962,128000,0.1875,0.9291,0.9965,0.1882,0.0933,0,0,0,0,0,0,0,CLEAN,""
E35,0xB405,B_cdt_experience,DEV,96,962,128000,0.4375,0.9329,1.0052,0.1811,0.0758,0,0,0,0,0,0,0,CLEAN,""
E36,0xB405,A_no_experience,TEST,256,962,128000,0.2383,0.9061,0.9884,0.1798,0.0804,0,0,0,0,0,0,0,CLEAN,""
E36,0xB405,C_consolidated,TEST,256,962,128000,0.4727,0.9299,1.0085,0.1743,0.0622,0,0,0,0,0,0,0,CLEAN,""
E36,0xB405,B_raw_experience,TEST,256,962,128000,0.3555,0.9257,0.9899,0.1765,0.0728,0,0,0,0,0,0,0,CLEAN,""
E36,0xB405,D_corrupt_cdt,TEST,256,962,128000,0.0039,0.4866,0.8431,0.2511,0.3774,0,0,0,0,0,0,0,CLEAN,""
E36,0xB405,E_irrelevant_cdt,TEST,256,962,128000,0.0000,0.3896,0.9735,0.2132,0.4186,0,0,0,0,0,0,0,CLEAN,""
E36,0xB405,F_stats_no_topology,TEST,256,962,128000,0.1016,0.7398,0.9451,0.1120,0.2139,0,0,0,0,0,0,0,CLEAN,""
E36,0xB405,G_shuffled_order,TEST,256,962,128000,0.0000,0.2380,0.2920,0.3502,0.6580,0,0,0,0,0,0,0,CLEAN,""
E36,0xB405,GATE,TEST,0,0,0,0.0000,0.0000,0.0000,0.0000,0.0000,0,0,0,0,0,0,0,PASS,"C=0.473 B_raw=0.355 A=0.238 D_corrupt_cdt=0.004 E_irrelevant_cdt=0.000 F_stats_no_topology=0.102 G_shuffled_order=0.000"
E37,0xB405,GATE,TEST,0,0,0,0.0000,0.0000,0.0000,0.0000,0.0000,0,0,0,0,0,0,0,PASS,"pre_delete=0.4727 post_delete_fresh_process=0.4727 A=0.2383 fresh_process_queries=0 ckpt_sha=17b9017a45393dd0b5ad4c8609c3b6fe7258efe42e481c75b90a9b881caf6785"
E38,0xB405,GATE,TEST,0,0,0,0.0000,0.0000,0.0000,0.0000,0.0000,0,0,0,0,0,0,0,PASS,"P0=0.4727 P0_newtest=0.4688 A_newtest=0.2031 P1=0.4727(q=0) P2=P0(identity encoder) P3_lookup=0.0273(cdt_q=256) A=0.2383"
E39,0xB405,A_no_consolidation,TEST_triangle,256,962,128000,0.3047,0.9170,1.0152,0.1838,0.0716,0,0,0,0,0,0,0,CLEAN,""
E39,0xB405,B_consolidated,TEST_triangle,256,962,128000,0.2266,0.9062,0.9856,0.1827,0.0855,0,0,0,0,0,0,0,CLEAN,""
E39,0xB405,GATE,TEST,0,0,0,0.0000,0.0000,0.0000,0.0000,0.0000,0,0,0,0,0,0,0,FAIL,"A=0.305 B=0.227 static=0.039"
E40,0xB405,A_sequential,TEST,128,962,128000,0.1406,0.3514,1.0573,0.0806,0.6176,0,0,0,0,0,0,0,CLEAN,"final_per_rule=0.00|0.00|0.00|0.56"
E40,0xB405,B_cdt_replay,TEST,128,962,128000,0.7188,0.9750,1.0072,0.0510,0.0447,0,0,0,0,0,0,0,CLEAN,"final_per_rule=0.94|0.72|0.62|0.59"
E40,0xB405,D_corrupt_replay,TEST,128,962,128000,0.0547,0.0882,1.0340,0.0488,0.3069,0,0,0,0,0,0,0,CLEAN,"final_per_rule=0.00|0.00|0.00|0.22"
E40,0xB405,GATE,TEST,0,0,0,0.0000,0.0000,0.0000,0.0000,0.0000,0,0,0,0,0,0,0,PASS,"final A=0.141 B=0.719 D=0.055 forgetting A=0.948 B=0.188 D=0.354"
E41,0xB405,GATE,TEST,0,0,0,0.0000,0.0000,0.0000,0.0000,0.0000,0,0,0,0,0,0,0,PASS,"base_rot=0.406 base_translate=0.781 structured: redirect=0.750 rot_acc=0.000 | random(|Δ|F equal): redirect=0.000 rot_acc=0.000 | rollback_exact=true"
E42,0xB405,A_N8,TEST,256,962,128000,0.2617,0.9139,1.0005,0.1771,0.0793,0,0,0,0,0,0,0,CLEAN,""
E42,0xB405,B_N8,TEST,256,962,128000,0.4492,0.9337,1.0041,0.1705,0.0678,0,0,0,0,0,0,0,CLEAN,""
E42,0xB405,A_N16,TEST,256,962,128000,0.1953,0.9309,0.9713,0.1899,0.0780,0,0,0,0,0,0,0,CLEAN,""
E42,0xB405,B_N16,TEST,256,962,128000,0.4688,0.9490,0.9978,0.1778,0.0592,0,0,0,0,0,0,0,CLEAN,""
E42,0xB405,A_N32,TEST,256,962,128000,0.3438,0.9056,0.9882,0.1881,0.0705,0,0,0,0,0,0,0,CLEAN,""
E42,0xB405,B_N32,TEST,256,962,128000,0.4336,0.9243,1.0016,0.1844,0.0637,0,0,0,0,0,0,0,CLEAN,""
E42,0xB405,A_N64,TEST,256,962,128000,0.2930,0.9105,1.0148,0.1828,0.0721,0,0,0,0,0,0,0,CLEAN,""
E42,0xB405,B_N64,TEST,256,962,128000,0.5195,0.9235,1.0111,0.1823,0.0634,0,0,0,0,0,0,0,CLEAN,""
E42,0xB405,A_N128,TEST,256,962,128000,0.2188,0.9215,1.0256,0.1850,0.0790,0,0,0,0,0,0,0,CLEAN,""
E42,0xB405,B_N128,TEST,256,962,128000,0.4688,0.9438,1.0042,0.1817,0.0627,0,0,0,0,0,0,0,CLEAN,""
E42,0xB405,GATE,TEST,0,0,0,0.0000,0.0000,0.0000,0.0000,0.0000,0,0,0,0,0,0,0,PASS,"N8:A=0.262,B=0.449 N16:A=0.195,B=0.469 N32:A=0.344,B=0.434 N64:A=0.293,B=0.520 N128:A=0.219,B=0.469"
E31,0xB406,DPHI,TEST,256,962,128000,0.2695,0.9105,1.0127,0.1843,0.0696,0,0,0,0,0,0,0,CLEAN,"0.38|0.25|0.00|0.50|0.50|0.38|0.09|0.06"
E31,0xB406,STATIC,TEST,256,0,0,0.0547,0.0000,1.0000,0.0000,0.3867,0,0,0,0,0,0,0,CLEAN,"0.00|0.12|0.00|0.00|0.06|0.00|0.00|0.25"
E31,0xB406,LINEAR,TEST,256,26,0,0.0000,0.1445,0.7332,0.0884,0.4207,0,0,0,0,0,0,0,CLEAN,"0.00|0.00|0.00|0.00|0.00|0.00|0.00|0.00"
E31,0xB406,RANDOM_DYN,TEST,256,962,0,0.0000,0.0577,1.1976,0.1776,0.6448,0,0,0,0,0,0,0,CLEAN,"0.00|0.00|0.00|0.00|0.00|0.00|0.00|0.00"
E31,0xB406,SHUFFLED_LABEL,TEST,256,962,128000,0.0000,0.0972,0.4126,0.6562,1.2245,0,0,0,0,0,0,0,CLEAN,"0.00|0.00|0.00|0.00|0.00|0.00|0.00|0.00"
E31,0xB406,NN_LOOKUP,TEST,256,6528,0,0.0117,0.4954,1.0233,0.1758,0.3491,256,0,0,0,256,0,0,LOOKUP_CONTROL,"0.03|0.00|0.00|0.03|0.00|0.00|0.00|0.03"
E31,0xB406,GATE,TEST,0,0,0,0.0000,0.0000,0.0000,0.0000,0.0000,0,0,0,0,0,0,0,PASS,"families_won=6 [translate rotate scale shear affine compose_rot_scale] dphi_acc=0.270 best_ctrl_acc=0.055"
E31,0xB406,DPHI,DEV,96,962,128000,0.3646,0.9382,1.0043,0.1823,0.0750,0,0,0,0,0,0,0,CLEAN,""
E32,0xB406,GATE,TEST,0,0,0,0.0000,0.0000,0.0000,0.0000,0.0000,0,0,0,0,0,0,0,PASS,"fams_sigma_within10%=7 frac_steps_sigma>1=1.000 translate:σD=1.097/σT=1.000 rotate:σD=1.088/σT=1.000 reflect:σD=1.126/σT=1.000 scale:σD=1.169/σT=1.115 shear:σD=1.201/σT=1.122 affine:σD=1.174/σT=1.090 compose_rot_scale:σD=1.129/σT=1.023 radial_warp:σD=1.203/σT=1.200"
E33,0xB406,DPHI_h1,TEST,256,962,128000,0.2695,0.9105,1.0127,0.1843,0.0696,0,0,0,0,0,0,0,CLEAN,"iterable_acc=0.125 fam=0.38|0.25|0.00|0.50|0.50|0.38|0.09|0.06"
E33,0xB406,DPHI_h2,TEST,256,962,128000,0.0195,0.7853,1.0255,0.1327,0.1264,0,0,0,0,0,0,0,CLEAN,"iterable_acc=0.000 fam=0.00|0.00|0.00|0.03|0.09|0.00|0.00|0.03"
E33,0xB406,DPHI_h4,TEST,256,962,128000,0.0000,0.7811,1.0191,0.2377,0.2347,0,0,0,0,0,0,0,CLEAN,"iterable_acc=0.000 fam=0.00|0.00|0.00|0.00|0.00|0.00|0.00|0.00"
E33,0xB406,DPHI_h8,TEST,256,962,128000,0.0000,0.7566,0.9801,0.3857,0.4647,0,0,0,0,0,0,0,CLEAN,"iterable_acc=0.000 fam=0.00|0.00|0.00|0.00|0.00|0.00|0.00|0.00"
E33,0xB406,DPHI_h16,TEST,256,962,128000,0.0000,0.6389,0.8208,0.5258,0.9801,0,0,0,0,0,0,0,CLEAN,"iterable_acc=0.000 fam=0.00|0.00|0.00|0.00|0.00|0.00|0.00|0.00"
E33,0xB406,DPHI_h32,TEST,256,962,128000,0.0039,0.4799,0.4612,0.6187,1.5176,0,0,0,0,0,0,0,CLEAN,"iterable_acc=0.000 fam=0.00|0.00|0.00|0.00|0.00|0.03|0.00|0.00"
E33,0xB406,DPHI_h64,TEST,256,962,128000,0.0039,0.3961,0.0907,0.6372,1.8060,0,0,0,0,0,0,0,CLEAN,"iterable_acc=0.000 fam=0.00|0.00|0.00|0.00|0.00|0.03|0.00|0.00"
E33,0xB406,GATE,TEST,0,0,0,0.0000,0.0000,0.0000,0.0000,0.0000,0,0,0,0,0,0,0,FAIL,"stability_region_h=0 iterable/all h1:0.12/0.27 h2:0.00/0.02 h4:0.00/0.00 h8:0.00/0.00 h16:0.00/0.00 h32:0.00/0.00 h64:0.00/0.00"
E34,0xB406,DPHI_h1,TEST,256,962,128000,0.2695,0.9105,1.0127,0.1843,0.0696,0,0,0,0,0,0,0,CLEAN,""
E34,0xB406,MLP_DIRECT_h1,TEST,256,962,128000,0.1992,0.8961,1.0151,0.1845,0.0799,0,0,0,0,0,0,0,CLEAN,""
E34,0xB406,DPHI_h4_iter,TEST,64,962,128000,0.0000,0.4395,1.0097,0.1537,0.2256,0,0,0,0,0,0,0,CLEAN,""
E34,0xB406,MLP_DIRECT_h4_iter,TEST,64,962,128000,0.0000,0.4143,1.0835,0.1886,0.3157,0,0,0,0,0,0,0,CLEAN,""
E34,0xB406,STATIC,TEST,256,0,0,0.0547,0.0000,1.0000,0.0000,0.3867,0,0,0,0,0,0,0,CLEAN,""
E34,0xB406,GATE,TEST,0,0,0,0.0000,0.0000,0.0000,0.0000,0.0000,0,0,0,0,0,0,0,PASS,"dphi_h1=0.270 mlp_h1=0.199 dphi_h4=0.000 mlp_h4=0.000 static=0.055 params=962/962"
E35,0xB406,A_control,TEST,256,962,128000,0.2695,0.9105,1.0127,0.1843,0.0696,0,0,0,0,0,0,0,CLEAN,"fam=0.38|0.25|0.00|0.50|0.50|0.38|0.09|0.06"
E35,0xB406,B_cdt_experience,TEST,256,962,128000,0.2734,0.9025,1.0100,0.1849,0.0709,0,0,0,0,0,0,0,CLEAN,"fam=0.47|0.28|0.06|0.59|0.06|0.50|0.09|0.12 cdt_size=192 signal_numbers=384 cdt_dropped=true equiv_hits=0 any_equiv=false"
E35,0xB406,GATE,TEST,0,0,0,0.0000,0.0000,0.0000,0.0000,0.0000,0,0,0,0,0,0,0,FAIL,"A=0.2695 B=0.2734 diff=0.0039 relerrA=0.0696 relerrB=0.0709 cdt_q=0 rqm_q=0 table_q=0 nn_q=0 attr_q=0 direct_q=0 leaked=0 target_seen_cdt=false target_equivalent_seen=false"
E35,0xB406,A_control,DEV,96,962,128000,0.3646,0.9382,1.0043,0.1823,0.0750,0,0,0,0,0,0,0,CLEAN,""
E35,0xB406,B_cdt_experience,DEV,96,962,128000,0.2083,0.9242,0.9972,0.1838,0.0772,0,0,0,0,0,0,0,CLEAN,""
E36,0xB406,A_no_experience,TEST,256,962,128000,0.2695,0.9105,1.0127,0.1843,0.0696,0,0,0,0,0,0,0,CLEAN,""
E36,0xB406,C_consolidated,TEST,256,962,128000,0.2734,0.9025,1.0100,0.1849,0.0709,0,0,0,0,0,0,0,CLEAN,""
E36,0xB406,B_raw_experience,TEST,256,962,128000,0.1953,0.9007,1.0082,0.1885,0.0773,0,0,0,0,0,0,0,CLEAN,""
E36,0xB406,D_corrupt_cdt,TEST,256,962,128000,0.0000,0.4947,0.9067,0.2226,0.3855,0,0,0,0,0,0,0,CLEAN,""
E36,0xB406,E_irrelevant_cdt,TEST,256,962,128000,0.0000,0.3593,0.9827,0.1679,0.4188,0,0,0,0,0,0,0,CLEAN,""
E36,0xB406,F_stats_no_topology,TEST,256,962,128000,0.0664,0.7281,0.9563,0.1144,0.2297,0,0,0,0,0,0,0,CLEAN,""
E36,0xB406,G_shuffled_order,TEST,256,962,128000,0.0000,0.2400,0.4086,0.3270,0.5815,0,0,0,0,0,0,0,CLEAN,""
E36,0xB406,GATE,TEST,0,0,0,0.0000,0.0000,0.0000,0.0000,0.0000,0,0,0,0,0,0,0,PASS,"C=0.273 B_raw=0.195 A=0.270 D_corrupt_cdt=0.000 E_irrelevant_cdt=0.000 F_stats_no_topology=0.066 G_shuffled_order=0.000"
E37,0xB406,GATE,TEST,0,0,0,0.0000,0.0000,0.0000,0.0000,0.0000,0,0,0,0,0,0,0,FAIL,"pre_delete=0.2734 post_delete_fresh_process=0.2734 A=0.2695 fresh_process_queries=0 ckpt_sha=36017778a4d9293388f38c6c87ccaacb4cb02fcd7bd82fbc94dff9aca79b12a6"
E38,0xB406,GATE,TEST,0,0,0,0.0000,0.0000,0.0000,0.0000,0.0000,0,0,0,0,0,0,0,FAIL,"P0=0.2734 P0_newtest=0.2656 A_newtest=0.2891 P1=0.2734(q=0) P2=P0(identity encoder) P3_lookup=0.0117(cdt_q=256) A=0.2695"
E39,0xB406,A_no_consolidation,TEST_triangle,256,962,128000,0.3398,0.9243,1.0079,0.1908,0.0687,0,0,0,0,0,0,0,CLEAN,""
E39,0xB406,B_consolidated,TEST_triangle,256,962,128000,0.4141,0.9086,1.0067,0.1831,0.0661,0,0,0,0,0,0,0,CLEAN,""
E39,0xB406,GATE,TEST,0,0,0,0.0000,0.0000,0.0000,0.0000,0.0000,0,0,0,0,0,0,0,PASS,"A=0.340 B=0.414 static=0.055"
E40,0xB406,A_sequential,TEST,128,962,128000,0.1797,0.4639,1.0251,0.1033,0.3523,0,0,0,0,0,0,0,CLEAN,"final_per_rule=0.00|0.00|0.00|0.72"
E40,0xB406,B_cdt_replay,TEST,128,962,128000,0.7031,0.9568,1.0035,0.0484,0.0456,0,0,0,0,0,0,0,CLEAN,"final_per_rule=0.56|0.69|0.78|0.78"
E40,0xB406,D_corrupt_replay,TEST,128,962,128000,0.0938,0.1164,1.0415,0.0518,0.3131,0,0,0,0,0,0,0,CLEAN,"final_per_rule=0.00|0.00|0.00|0.38"
E40,0xB406,GATE,TEST,0,0,0,0.0000,0.0000,0.0000,0.0000,0.0000,0,0,0,0,0,0,0,PASS,"final A=0.180 B=0.703 D=0.094 forgetting A=0.885 B=0.198 D=0.292"
E41,0xB406,GATE,TEST,0,0,0,0.0000,0.0000,0.0000,0.0000,0.0000,0,0,0,0,0,0,0,PASS,"base_rot=0.281 base_translate=0.469 structured: redirect=0.719 rot_acc=0.000 | random(|Δ|F equal): redirect=0.000 rot_acc=0.000 | rollback_exact=true"
E42,0xB406,A_N8,TEST,256,962,128000,0.2344,0.9096,1.0101,0.1810,0.0793,0,0,0,0,0,0,0,CLEAN,""
E42,0xB406,B_N8,TEST,256,962,128000,0.3750,0.9235,0.9911,0.1706,0.0691,0,0,0,0,0,0,0,CLEAN,""
E42,0xB406,A_N16,TEST,256,962,128000,0.2188,0.9152,0.9995,0.1833,0.0780,0,0,0,0,0,0,0,CLEAN,""
E42,0xB406,B_N16,TEST,256,962,128000,0.3711,0.9144,1.0194,0.1760,0.0717,0,0,0,0,0,0,0,CLEAN,""
E42,0xB406,A_N32,TEST,256,962,128000,0.2578,0.9252,0.9940,0.1876,0.0842,0,0,0,0,0,0,0,CLEAN,""
E42,0xB406,B_N32,TEST,256,962,128000,0.3555,0.9341,1.0097,0.1807,0.0707,0,0,0,0,0,0,0,CLEAN,""
E42,0xB406,A_N64,TEST,256,962,128000,0.3086,0.9340,1.0009,0.1845,0.0710,0,0,0,0,0,0,0,CLEAN,""
E42,0xB406,B_N64,TEST,256,962,128000,0.1523,0.8797,1.0129,0.1813,0.0832,0,0,0,0,0,0,0,CLEAN,""
E42,0xB406,A_N128,TEST,256,962,128000,0.1758,0.8987,0.9917,0.1920,0.0799,0,0,0,0,0,0,0,CLEAN,""
E42,0xB406,B_N128,TEST,256,962,128000,0.5352,0.9281,0.9889,0.1826,0.0575,0,0,0,0,0,0,0,CLEAN,""
E42,0xB406,GATE,TEST,0,0,0,0.0000,0.0000,0.0000,0.0000,0.0000,0,0,0,0,0,0,0,FAIL,"N8:A=0.234,B=0.375 N16:A=0.219,B=0.371 N32:A=0.258,B=0.355 N64:A=0.309,B=0.152 N128:A=0.176,B=0.535"
E31,0xB407,DPHI,TEST,256,962,128000,0.3047,0.9238,0.9974,0.1809,0.0686,0,0,0,0,0,0,0,CLEAN,"0.66|0.09|0.03|0.41|0.22|0.56|0.25|0.22"
E31,0xB407,STATIC,TEST,256,0,0,0.0195,0.0000,1.0000,0.0000,0.3876,0,0,0,0,0,0,0,CLEAN,"0.00|0.09|0.00|0.03|0.00|0.00|0.00|0.03"
E31,0xB407,LINEAR,TEST,256,26,0,0.0000,0.1887,0.7286,0.0840,0.4068,0,0,0,0,0,0,0,CLEAN,"0.00|0.00|0.00|0.00|0.00|0.00|0.00|0.00"
E31,0xB407,RANDOM_DYN,TEST,256,962,0,0.0000,-0.0778,1.9795,0.1115,0.7387,0,0,0,0,0,0,0,CLEAN,"0.00|0.00|0.00|0.00|0.00|0.00|0.00|0.00"
E31,0xB407,SHUFFLED_LABEL,TEST,256,962,128000,0.0000,0.0776,0.3409,0.6896,1.2227,0,0,0,0,0,0,0,CLEAN,"0.00|0.00|0.00|0.00|0.00|0.00|0.00|0.00"
E31,0xB407,NN_LOOKUP,TEST,256,6528,0,0.0000,0.5560,0.9934,0.1750,0.3337,256,0,0,0,256,0,0,LOOKUP_CONTROL,"0.00|0.00|0.00|0.00|0.00|0.00|0.00|0.00"
E31,0xB407,GATE,TEST,0,0,0,0.0000,0.0000,0.0000,0.0000,0.0000,0,0,0,0,0,0,0,PASS,"families_won=6 [translate scale shear affine compose_rot_scale radial_warp] dphi_acc=0.305 best_ctrl_acc=0.020"
E31,0xB407,DPHI,DEV,96,962,128000,0.3646,0.9254,0.9859,0.1810,0.0718,0,0,0,0,0,0,0,CLEAN,""
E32,0xB407,GATE,TEST,0,0,0,0.0000,0.0000,0.0000,0.0000,0.0000,0,0,0,0,0,0,0,PASS,"fams_sigma_within10%=4 frac_steps_sigma>1=0.969 translate:σD=1.104/σT=1.000 rotate:σD=1.078/σT=1.000 reflect:σD=1.118/σT=1.000 scale:σD=1.185/σT=1.111 shear:σD=1.197/σT=1.131 affine:σD=1.193/σT=1.073 compose_rot_scale:σD=1.116/σT=0.967 radial_warp:σD=1.187/σT=1.235"
E33,0xB407,DPHI_h1,TEST,256,962,128000,0.3047,0.9238,0.9974,0.1809,0.0686,0,0,0,0,0,0,0,CLEAN,"iterable_acc=0.062 fam=0.66|0.09|0.03|0.41|0.22|0.56|0.25|0.22"
E33,0xB407,DPHI_h2,TEST,256,962,128000,0.0273,0.7985,0.9958,0.1286,0.1242,0,0,0,0,0,0,0,CLEAN,"iterable_acc=0.000 fam=0.00|0.00|0.00|0.00|0.00|0.12|0.06|0.03"
E33,0xB407,DPHI_h4,TEST,256,962,128000,0.0039,0.7945,0.9772,0.2325,0.2287,0,0,0,0,0,0,0,CLEAN,"iterable_acc=0.000 fam=0.00|0.00|0.00|0.00|0.00|0.03|0.00|0.00"
E33,0xB407,DPHI_h8,TEST,256,962,128000,0.0078,0.7704,0.8910,0.3876,0.4414,0,0,0,0,0,0,0,CLEAN,"iterable_acc=0.000 fam=0.00|0.00|0.00|0.00|0.00|0.06|0.00|0.00"
E33,0xB407,DPHI_h16,TEST,256,962,128000,0.0117,0.6402,0.8179,0.5463,0.9528,0,0,0,0,0,0,0,CLEAN,"iterable_acc=0.000 fam=0.00|0.00|0.00|0.00|0.00|0.09|0.00|0.00"
E33,0xB407,DPHI_h32,TEST,256,962,128000,0.0039,0.4846,0.6942,0.6586,1.6989,0,0,0,0,0,0,0,CLEAN,"iterable_acc=0.000 fam=0.00|0.00|0.00|0.00|0.00|0.03|0.00|0.00"
E33,0xB407,DPHI_h64,TEST,256,962,128000,0.0039,0.4141,0.3536,0.6815,2.3809,0,0,0,0,0,0,0,CLEAN,"iterable_acc=0.000 fam=0.00|0.00|0.00|0.00|0.00|0.03|0.00|0.00"
E33,0xB407,GATE,TEST,0,0,0,0.0000,0.0000,0.0000,0.0000,0.0000,0,0,0,0,0,0,0,FAIL,"stability_region_h=0 iterable/all h1:0.06/0.30 h2:0.00/0.03 h4:0.00/0.00 h8:0.00/0.01 h16:0.00/0.01 h32:0.00/0.00 h64:0.00/0.00"
E34,0xB407,DPHI_h1,TEST,256,962,128000,0.3047,0.9238,0.9974,0.1809,0.0686,0,0,0,0,0,0,0,CLEAN,""
E34,0xB407,MLP_DIRECT_h1,TEST,256,962,128000,0.2344,0.9144,1.0045,0.1838,0.0728,0,0,0,0,0,0,0,CLEAN,""
E34,0xB407,DPHI_h4_iter,TEST,64,962,128000,0.0000,0.4439,0.9798,0.1732,0.2626,0,0,0,0,0,0,0,CLEAN,""
E34,0xB407,MLP_DIRECT_h4_iter,TEST,64,962,128000,0.0000,0.4379,0.9563,0.1643,0.2326,0,0,0,0,0,0,0,CLEAN,""
E34,0xB407,STATIC,TEST,256,0,0,0.0195,0.0000,1.0000,0.0000,0.3876,0,0,0,0,0,0,0,CLEAN,""
E34,0xB407,GATE,TEST,0,0,0,0.0000,0.0000,0.0000,0.0000,0.0000,0,0,0,0,0,0,0,PASS,"dphi_h1=0.305 mlp_h1=0.234 dphi_h4=0.000 mlp_h4=0.000 static=0.020 params=962/962"
E35,0xB407,A_control,TEST,256,962,128000,0.3047,0.9238,0.9974,0.1809,0.0686,0,0,0,0,0,0,0,CLEAN,"fam=0.66|0.09|0.03|0.41|0.22|0.56|0.25|0.22"
E35,0xB407,B_cdt_experience,TEST,256,962,128000,0.3125,0.9151,1.0159,0.1742,0.0695,0,0,0,0,0,0,0,CLEAN,"fam=0.44|0.09|0.03|0.56|0.59|0.38|0.31|0.09 cdt_size=192 signal_numbers=384 cdt_dropped=true equiv_hits=0 any_equiv=false"
E35,0xB407,GATE,TEST,0,0,0,0.0000,0.0000,0.0000,0.0000,0.0000,0,0,0,0,0,0,0,FAIL,"A=0.3047 B=0.3125 diff=0.0078 relerrA=0.0686 relerrB=0.0695 cdt_q=0 rqm_q=0 table_q=0 nn_q=0 attr_q=0 direct_q=0 leaked=0 target_seen_cdt=false target_equivalent_seen=false"
E35,0xB407,A_control,DEV,96,962,128000,0.3646,0.9254,0.9859,0.1810,0.0718,0,0,0,0,0,0,0,CLEAN,""
E35,0xB407,B_cdt_experience,DEV,96,962,128000,0.2812,0.9204,1.0106,0.1734,0.0784,0,0,0,0,0,0,0,CLEAN,""
E36,0xB407,A_no_experience,TEST,256,962,128000,0.3047,0.9238,0.9974,0.1809,0.0686,0,0,0,0,0,0,0,CLEAN,""
E36,0xB407,C_consolidated,TEST,256,962,128000,0.3125,0.9151,1.0159,0.1742,0.0695,0,0,0,0,0,0,0,CLEAN,""
E36,0xB407,B_raw_experience,TEST,256,962,128000,0.2227,0.8969,0.9971,0.1836,0.0774,0,0,0,0,0,0,0,CLEAN,""
E36,0xB407,D_corrupt_cdt,TEST,256,962,128000,0.0000,0.4953,0.8747,0.2312,0.3794,0,0,0,0,0,0,0,CLEAN,""
E36,0xB407,E_irrelevant_cdt,TEST,256,962,128000,0.0000,0.3879,1.0292,0.1763,0.4114,0,0,0,0,0,0,0,CLEAN,""
E36,0xB407,F_stats_no_topology,TEST,256,962,128000,0.0820,0.7133,0.9842,0.1167,0.2143,0,0,0,0,0,0,0,CLEAN,""
E36,0xB407,G_shuffled_order,TEST,256,962,128000,0.0000,0.2771,0.2340,0.4003,0.6906,0,0,0,0,0,0,0,CLEAN,""
E36,0xB407,GATE,TEST,0,0,0,0.0000,0.0000,0.0000,0.0000,0.0000,0,0,0,0,0,0,0,PASS,"C=0.312 B_raw=0.223 A=0.305 D_corrupt_cdt=0.000 E_irrelevant_cdt=0.000 F_stats_no_topology=0.082 G_shuffled_order=0.000"
E37,0xB407,GATE,TEST,0,0,0,0.0000,0.0000,0.0000,0.0000,0.0000,0,0,0,0,0,0,0,FAIL,"pre_delete=0.3125 post_delete_fresh_process=0.3125 A=0.3047 fresh_process_queries=0 ckpt_sha=7114115a256a7e3a55ff75a50f3a94d82a35508062cd31362f95cc7a2f1ed054"
E38,0xB407,GATE,TEST,0,0,0,0.0000,0.0000,0.0000,0.0000,0.0000,0,0,0,0,0,0,0,FAIL,"P0=0.3125 P0_newtest=0.3203 A_newtest=0.4141 P1=0.3125(q=0) P2=P0(identity encoder) P3_lookup=0.0000(cdt_q=256) A=0.3047"
E39,0xB407,A_no_consolidation,TEST_triangle,256,962,128000,0.2500,0.9131,0.9939,0.1858,0.0808,0,0,0,0,0,0,0,CLEAN,""
E39,0xB407,B_consolidated,TEST_triangle,256,962,128000,0.3359,0.9377,1.0118,0.1801,0.0654,0,0,0,0,0,0,0,CLEAN,""
E39,0xB407,GATE,TEST,0,0,0,0.0000,0.0000,0.0000,0.0000,0.0000,0,0,0,0,0,0,0,PASS,"A=0.250 B=0.336 static=0.039"
E40,0xB407,A_sequential,TEST,128,962,128000,0.1562,0.3378,1.0779,0.0886,0.5174,0,0,0,0,0,0,0,CLEAN,"final_per_rule=0.00|0.00|0.00|0.62"
E40,0xB407,B_cdt_replay,TEST,128,962,128000,0.5703,0.9593,1.0083,0.0475,0.0511,0,0,0,0,0,0,0,CLEAN,"final_per_rule=0.81|0.59|0.22|0.66"
E40,0xB407,D_corrupt_replay,TEST,128,962,128000,0.0781,0.0805,1.0399,0.0497,0.3129,0,0,0,0,0,0,0,CLEAN,"final_per_rule=0.00|0.00|0.00|0.31"
E40,0xB407,GATE,TEST,0,0,0,0.0000,0.0000,0.0000,0.0000,0.0000,0,0,0,0,0,0,0,PASS,"final A=0.156 B=0.570 D=0.078 forgetting A=0.958 B=0.260 D=0.354"
E41,0xB407,GATE,TEST,0,0,0,0.0000,0.0000,0.0000,0.0000,0.0000,0,0,0,0,0,0,0,PASS,"base_rot=0.094 base_translate=0.438 structured: redirect=0.344 rot_acc=0.000 | random(|Δ|F equal): redirect=0.000 rot_acc=0.000 | rollback_exact=true"
E42,0xB407,A_N8,TEST,256,962,128000,0.2578,0.8811,0.9977,0.1795,0.0867,0,0,0,0,0,0,0,CLEAN,""
E42,0xB407,B_N8,TEST,256,962,128000,0.2227,0.8853,0.9965,0.1749,0.0836,0,0,0,0,0,0,0,CLEAN,""
E42,0xB407,A_N16,TEST,256,962,128000,0.2969,0.9277,0.9818,0.1851,0.0730,0,0,0,0,0,0,0,CLEAN,""
E42,0xB407,B_N16,TEST,256,962,128000,0.4141,0.9187,1.0098,0.1764,0.0705,0,0,0,0,0,0,0,CLEAN,""
E42,0xB407,A_N32,TEST,256,962,128000,0.2617,0.9252,1.0188,0.1862,0.0758,0,0,0,0,0,0,0,CLEAN,""
E42,0xB407,B_N32,TEST,256,962,128000,0.4180,0.9237,1.0154,0.1776,0.0632,0,0,0,0,0,0,0,CLEAN,""
E42,0xB407,A_N64,TEST,256,962,128000,0.1953,0.9159,0.9917,0.1875,0.0793,0,0,0,0,0,0,0,CLEAN,""
E42,0xB407,B_N64,TEST,256,962,128000,0.3281,0.9226,0.9892,0.1809,0.0712,0,0,0,0,0,0,0,CLEAN,""
E42,0xB407,A_N128,TEST,256,962,128000,0.2109,0.9158,1.0015,0.1850,0.0782,0,0,0,0,0,0,0,CLEAN,""
E42,0xB407,B_N128,TEST,256,962,128000,0.4609,0.9132,1.0251,0.1757,0.0628,0,0,0,0,0,0,0,CLEAN,""
E42,0xB407,GATE,TEST,0,0,0,0.0000,0.0000,0.0000,0.0000,0.0000,0,0,0,0,0,0,0,FAIL,"N8:A=0.258,B=0.223 N16:A=0.297,B=0.414 N32:A=0.262,B=0.418 N64:A=0.195,B=0.328 N128:A=0.211,B=0.461"
E31,0xB408,DPHI,TEST,256,962,128000,0.2188,0.8982,0.9758,0.1821,0.0856,0,0,0,0,0,0,0,CLEAN,"0.12|0.34|0.00|0.19|0.34|0.47|0.06|0.22"
E31,0xB408,STATIC,TEST,256,0,0,0.0430,0.0000,1.0000,0.0000,0.3876,0,0,0,0,0,0,0,CLEAN,"0.00|0.16|0.00|0.06|0.00|0.00|0.00|0.12"
E31,0xB408,LINEAR,TEST,256,26,0,0.0000,0.1674,0.7162,0.0800,0.4229,0,0,0,0,0,0,0,CLEAN,"0.00|0.00|0.00|0.00|0.00|0.00|0.00|0.00"
E31,0xB408,RANDOM_DYN,TEST,256,962,0,0.0000,-0.1731,1.4925,0.1033,0.7379,0,0,0,0,0,0,0,CLEAN,"0.00|0.00|0.00|0.00|0.00|0.00|0.00|0.00"
E31,0xB408,SHUFFLED_LABEL,TEST,256,962,128000,0.0000,0.0854,0.4540,0.6069,1.2241,0,0,0,0,0,0,0,CLEAN,"0.00|0.00|0.00|0.00|0.00|0.00|0.00|0.00"
E31,0xB408,NN_LOOKUP,TEST,256,6528,0,0.0156,0.4932,1.0281,0.1779,0.3523,256,0,0,0,256,0,0,LOOKUP_CONTROL,"0.00|0.03|0.00|0.03|0.03|0.00|0.00|0.03"
E31,0xB408,GATE,TEST,0,0,0,0.0000,0.0000,0.0000,0.0000,0.0000,0,0,0,0,0,0,0,PASS,"families_won=7 [translate rotate scale shear affine compose_rot_scale radial_warp] dphi_acc=0.219 best_ctrl_acc=0.043"
E31,0xB408,DPHI,DEV,96,962,128000,0.2604,0.9117,0.9654,0.1811,0.0888,0,0,0,0,0,0,0,CLEAN,""
E32,0xB408,GATE,TEST,0,0,0,0.0000,0.0000,0.0000,0.0000,0.0000,0,0,0,0,0,0,0,PASS,"fams_sigma_within10%=6 frac_steps_sigma>1=0.986 translate:σD=1.087/σT=1.000 rotate:σD=1.066/σT=1.000 reflect:σD=1.206/σT=1.000 scale:σD=1.122/σT=1.097 shear:σD=1.162/σT=1.114 affine:σD=1.173/σT=1.098 compose_rot_scale:σD=1.099/σT=0.956 radial_warp:σD=1.143/σT=1.222"
E33,0xB408,DPHI_h1,TEST,256,962,128000,0.2188,0.8982,0.9758,0.1821,0.0856,0,0,0,0,0,0,0,CLEAN,"iterable_acc=0.172 fam=0.12|0.34|0.00|0.19|0.34|0.47|0.06|0.22"
E33,0xB408,DPHI_h2,TEST,256,962,128000,0.0078,0.7730,0.9605,0.1348,0.1492,0,0,0,0,0,0,0,CLEAN,"iterable_acc=0.000 fam=0.03|0.00|0.00|0.00|0.03|0.00|0.00|0.00"
E33,0xB408,DPHI_h4,TEST,256,962,128000,0.0000,0.7655,0.9158,0.2424,0.2757,0,0,0,0,0,0,0,CLEAN,"iterable_acc=0.000 fam=0.00|0.00|0.00|0.00|0.00|0.00|0.00|0.00"
E33,0xB408,DPHI_h8,TEST,256,962,128000,0.0000,0.7336,0.8147,0.3993,0.5228,0,0,0,0,0,0,0,CLEAN,"iterable_acc=0.000 fam=0.00|0.00|0.00|0.00|0.00|0.00|0.00|0.00"
E33,0xB408,DPHI_h16,TEST,256,962,128000,0.0000,0.6146,0.5907,0.5399,1.0448,0,0,0,0,0,0,0,CLEAN,"iterable_acc=0.000 fam=0.00|0.00|0.00|0.00|0.00|0.00|0.00|0.00"
E33,0xB408,DPHI_h32,TEST,256,962,128000,0.0000,0.4388,0.3325,0.6217,1.7458,0,0,0,0,0,0,0,CLEAN,"iterable_acc=0.000 fam=0.00|0.00|0.00|0.00|0.00|0.00|0.00|0.00"
E33,0xB408,DPHI_h64,TEST,256,962,128000,0.0000,0.3789,0.0922,0.6354,2.1226,0,0,0,0,0,0,0,CLEAN,"iterable_acc=0.000 fam=0.00|0.00|0.00|0.00|0.00|0.00|0.00|0.00"
E33,0xB408,GATE,TEST,0,0,0,0.0000,0.0000,0.0000,0.0000,0.0000,0,0,0,0,0,0,0,FAIL,"stability_region_h=0 iterable/all h1:0.17/0.22 h2:0.00/0.01 h4:0.00/0.00 h8:0.00/0.00 h16:0.00/0.00 h32:0.00/0.00 h64:0.00/0.00"
E34,0xB408,DPHI_h1,TEST,256,962,128000,0.2188,0.8982,0.9758,0.1821,0.0856,0,0,0,0,0,0,0,CLEAN,""
E34,0xB408,MLP_DIRECT_h1,TEST,256,962,128000,0.2344,0.9196,1.0127,0.1863,0.0774,0,0,0,0,0,0,0,CLEAN,""
E34,0xB408,DPHI_h4_iter,TEST,64,962,128000,0.0000,0.4331,0.9658,0.2140,0.3119,0,0,0,0,0,0,0,CLEAN,""
E34,0xB408,MLP_DIRECT_h4_iter,TEST,64,962,128000,0.0000,0.4481,1.0534,0.1913,0.2902,0,0,0,0,0,0,0,CLEAN,""
E34,0xB408,STATIC,TEST,256,0,0,0.0430,0.0000,1.0000,0.0000,0.3876,0,0,0,0,0,0,0,CLEAN,""
E34,0xB408,GATE,TEST,0,0,0,0.0000,0.0000,0.0000,0.0000,0.0000,0,0,0,0,0,0,0,FAIL,"dphi_h1=0.219 mlp_h1=0.234 dphi_h4=0.000 mlp_h4=0.000 static=0.043 params=962/962"
E35,0xB408,A_control,TEST,256,962,128000,0.2188,0.8982,0.9758,0.1821,0.0856,0,0,0,0,0,0,0,CLEAN,"fam=0.12|0.34|0.00|0.19|0.34|0.47|0.06|0.22"
E35,0xB408,B_cdt_experience,TEST,256,962,128000,0.4492,0.9259,0.9770,0.1736,0.0680,0,0,0,0,0,0,0,CLEAN,"fam=0.53|0.69|0.00|0.53|0.34|0.62|0.50|0.38 cdt_size=192 signal_numbers=384 cdt_dropped=true equiv_hits=0 any_equiv=false"
E35,0xB408,GATE,TEST,0,0,0,0.0000,0.0000,0.0000,0.0000,0.0000,0,0,0,0,0,0,0,PASS,"A=0.2188 B=0.4492 diff=0.2305 relerrA=0.0856 relerrB=0.0680 cdt_q=0 rqm_q=0 table_q=0 nn_q=0 attr_q=0 direct_q=0 leaked=0 target_seen_cdt=false target_equivalent_seen=false"
E35,0xB408,A_control,DEV,96,962,128000,0.2604,0.9117,0.9654,0.1811,0.0888,0,0,0,0,0,0,0,CLEAN,""
E35,0xB408,B_cdt_experience,DEV,96,962,128000,0.3542,0.9307,0.9788,0.1726,0.0700,0,0,0,0,0,0,0,CLEAN,""
E36,0xB408,A_no_experience,TEST,256,962,128000,0.2188,0.8982,0.9758,0.1821,0.0856,0,0,0,0,0,0,0,CLEAN,""
E36,0xB408,C_consolidated,TEST,256,962,128000,0.4492,0.9259,0.9770,0.1736,0.0680,0,0,0,0,0,0,0,CLEAN,""
E36,0xB408,B_raw_experience,TEST,256,962,128000,0.2227,0.8928,1.0193,0.1795,0.0832,0,0,0,0,0,0,0,CLEAN,""
E36,0xB408,D_corrupt_cdt,TEST,256,962,128000,0.0000,0.4379,1.0040,0.2093,0.4002,0,0,0,0,0,0,0,CLEAN,""
E36,0xB408,E_irrelevant_cdt,TEST,256,962,128000,0.0000,0.3540,1.1716,0.1913,0.4404,0,0,0,0,0,0,0,CLEAN,""
E36,0xB408,F_stats_no_topology,TEST,256,962,128000,0.0273,0.6321,1.0447,0.0960,0.2503,0,0,0,0,0,0,0,CLEAN,""
E36,0xB408,G_shuffled_order,TEST,256,962,128000,0.0000,0.2649,0.3750,0.4041,0.7307,0,0,0,0,0,0,0,CLEAN,""
E36,0xB408,GATE,TEST,0,0,0,0.0000,0.0000,0.0000,0.0000,0.0000,0,0,0,0,0,0,0,PASS,"C=0.449 B_raw=0.223 A=0.219 D_corrupt_cdt=0.000 E_irrelevant_cdt=0.000 F_stats_no_topology=0.027 G_shuffled_order=0.000"
E37,0xB408,GATE,TEST,0,0,0,0.0000,0.0000,0.0000,0.0000,0.0000,0,0,0,0,0,0,0,PASS,"pre_delete=0.4492 post_delete_fresh_process=0.4492 A=0.2188 fresh_process_queries=0 ckpt_sha=390ecab4b7947c3fb8dd6b7e78d3e850798352ca78568d9b6d19139db4a1f1b0"
E38,0xB408,GATE,TEST,0,0,0,0.0000,0.0000,0.0000,0.0000,0.0000,0,0,0,0,0,0,0,PASS,"P0=0.4492 P0_newtest=0.4414 A_newtest=0.2266 P1=0.4492(q=0) P2=P0(identity encoder) P3_lookup=0.0156(cdt_q=256) A=0.2188"
E39,0xB408,A_no_consolidation,TEST_triangle,256,962,128000,0.2734,0.9238,0.9878,0.1865,0.0766,0,0,0,0,0,0,0,CLEAN,""
E39,0xB408,B_consolidated,TEST_triangle,256,962,128000,0.2656,0.9154,0.9690,0.1826,0.0738,0,0,0,0,0,0,0,CLEAN,""
E39,0xB408,GATE,TEST,0,0,0,0.0000,0.0000,0.0000,0.0000,0.0000,0,0,0,0,0,0,0,FAIL,"A=0.273 B=0.266 static=0.035"
E40,0xB408,A_sequential,TEST,128,962,128000,0.1875,0.4950,1.0423,0.1025,0.4678,0,0,0,0,0,0,0,CLEAN,"final_per_rule=0.00|0.00|0.00|0.75"
E40,0xB408,B_cdt_replay,TEST,128,962,128000,0.6953,0.9593,0.9890,0.0504,0.0454,0,0,0,0,0,0,0,CLEAN,"final_per_rule=0.78|0.66|0.69|0.66"
E40,0xB408,D_corrupt_replay,TEST,128,962,128000,0.0547,0.0487,1.0202,0.0532,0.3162,0,0,0,0,0,0,0,CLEAN,"final_per_rule=0.00|0.00|0.00|0.22"
E40,0xB408,GATE,TEST,0,0,0,0.0000,0.0000,0.0000,0.0000,0.0000,0,0,0,0,0,0,0,PASS,"final A=0.188 B=0.695 D=0.055 forgetting A=0.885 B=0.219 D=0.344"
E41,0xB408,GATE,TEST,0,0,0,0.0000,0.0000,0.0000,0.0000,0.0000,0,0,0,0,0,0,0,PASS,"base_rot=0.688 base_translate=0.531 structured: redirect=0.500 rot_acc=0.000 | random(|Δ|F equal): redirect=0.000 rot_acc=0.000 | rollback_exact=true"
E42,0xB408,A_N8,TEST,256,962,128000,0.2734,0.9013,0.9809,0.1788,0.0728,0,0,0,0,0,0,0,CLEAN,""
E42,0xB408,B_N8,TEST,256,962,128000,0.3516,0.9004,1.0028,0.1731,0.0694,0,0,0,0,0,0,0,CLEAN,""
E42,0xB408,A_N16,TEST,256,962,128000,0.2773,0.9121,0.9989,0.1802,0.0777,0,0,0,0,0,0,0,CLEAN,""
E42,0xB408,B_N16,TEST,256,962,128000,0.3672,0.9234,0.9661,0.1773,0.0704,0,0,0,0,0,0,0,CLEAN,""
E42,0xB408,A_N32,TEST,256,962,128000,0.1758,0.9160,0.9732,0.1925,0.0899,0,0,0,0,0,0,0,CLEAN,""
E42,0xB408,B_N32,TEST,256,962,128000,0.3320,0.9319,0.9989,0.1832,0.0716,0,0,0,0,0,0,0,CLEAN,""
E42,0xB408,A_N64,TEST,256,962,128000,0.2305,0.9116,0.9818,0.1861,0.0788,0,0,0,0,0,0,0,CLEAN,""
E42,0xB408,B_N64,TEST,256,962,128000,0.3281,0.8910,0.9694,0.1759,0.0746,0,0,0,0,0,0,0,CLEAN,""
E42,0xB408,A_N128,TEST,256,962,128000,0.2031,0.9013,1.0266,0.1891,0.0924,0,0,0,0,0,0,0,CLEAN,""
E42,0xB408,B_N128,TEST,256,962,128000,0.5938,0.9452,0.9991,0.1817,0.0584,0,0,0,0,0,0,0,CLEAN,""
E42,0xB408,GATE,TEST,0,0,0,0.0000,0.0000,0.0000,0.0000,0.0000,0,0,0,0,0,0,0,PASS,"N8:A=0.273,B=0.352 N16:A=0.277,B=0.367 N32:A=0.176,B=0.332 N64:A=0.230,B=0.328 N128:A=0.203,B=0.594"
E31,0xB409,DPHI,TEST,256,962,128000,0.2383,0.9204,1.0062,0.1866,0.0782,0,0,0,0,0,0,0,CLEAN,"0.38|0.41|0.00|0.22|0.31|0.12|0.19|0.28"
E31,0xB409,STATIC,TEST,256,0,0,0.0430,0.0000,1.0000,0.0000,0.3908,0,0,0,0,0,0,0,CLEAN,"0.00|0.19|0.00|0.06|0.00|0.00|0.00|0.09"
E31,0xB409,LINEAR,TEST,256,26,0,0.0000,0.1049,0.7466,0.0738,0.4146,0,0,0,0,0,0,0,CLEAN,"0.00|0.00|0.00|0.00|0.00|0.00|0.00|0.00"
E31,0xB409,RANDOM_DYN,TEST,256,962,0,0.0000,0.1255,0.6049,0.3225,0.7053,0,0,0,0,0,0,0,CLEAN,"0.00|0.00|0.00|0.00|0.00|0.00|0.00|0.00"
E31,0xB409,SHUFFLED_LABEL,TEST,256,962,128000,0.0000,0.1188,0.3210,0.6616,1.1123,0,0,0,0,0,0,0,CLEAN,"0.00|0.00|0.00|0.00|0.00|0.00|0.00|0.00"
E31,0xB409,NN_LOOKUP,TEST,256,6528,0,0.0117,0.5499,1.0091,0.1965,0.3478,256,0,0,0,256,0,0,LOOKUP_CONTROL,"0.03|0.03|0.00|0.00|0.00|0.00|0.00|0.03"
E31,0xB409,GATE,TEST,0,0,0,0.0000,0.0000,0.0000,0.0000,0.0000,0,0,0,0,0,0,0,PASS,"families_won=7 [translate rotate scale shear affine compose_rot_scale radial_warp] dphi_acc=0.238 best_ctrl_acc=0.043"
E31,0xB409,DPHI,DEV,96,962,128000,0.2083,0.9070,0.9679,0.1892,0.0840,0,0,0,0,0,0,0,CLEAN,""
E32,0xB409,GATE,TEST,0,0,0,0.0000,0.0000,0.0000,0.0000,0.0000,0,0,0,0,0,0,0,PASS,"fams_sigma_within10%=5 frac_steps_sigma>1=0.976 translate:σD=1.102/σT=1.000 rotate:σD=1.070/σT=1.000 reflect:σD=1.132/σT=1.000 scale:σD=1.191/σT=1.100 shear:σD=1.158/σT=1.093 affine:σD=1.191/σT=1.072 compose_rot_scale:σD=1.202/σT=1.101 radial_warp:σD=1.180/σT=1.221"
E33,0xB409,DPHI_h1,TEST,256,962,128000,0.2383,0.9204,1.0062,0.1866,0.0782,0,0,0,0,0,0,0,CLEAN,"iterable_acc=0.203 fam=0.38|0.41|0.00|0.22|0.31|0.12|0.19|0.28"
E33,0xB409,DPHI_h2,TEST,256,962,128000,0.0195,0.7942,1.0110,0.1437,0.1441,0,0,0,0,0,0,0,CLEAN,"iterable_acc=0.031 fam=0.03|0.06|0.00|0.00|0.00|0.00|0.03|0.03"
E33,0xB409,DPHI_h4,TEST,256,962,128000,0.0000,0.7877,1.0044,0.2621,0.2677,0,0,0,0,0,0,0,CLEAN,"iterable_acc=0.000 fam=0.00|0.00|0.00|0.00|0.00|0.00|0.00|0.00"
E33,0xB409,DPHI_h8,TEST,256,962,128000,0.0000,0.7620,0.8771,0.4239,0.5140,0,0,0,0,0,0,0,CLEAN,"iterable_acc=0.000 fam=0.00|0.00|0.00|0.00|0.00|0.00|0.00|0.00"
E33,0xB409,DPHI_h16,TEST,256,962,128000,0.0000,0.6340,0.6295,0.5504,1.0746,0,0,0,0,0,0,0,CLEAN,"iterable_acc=0.000 fam=0.00|0.00|0.00|0.00|0.00|0.00|0.00|0.00"
E33,0xB409,DPHI_h32,TEST,256,962,128000,0.0039,0.5250,0.2921,0.6262,1.5541,0,0,0,0,0,0,0,CLEAN,"iterable_acc=0.000 fam=0.00|0.00|0.00|0.00|0.00|0.03|0.00|0.00"
E33,0xB409,DPHI_h64,TEST,256,962,128000,0.0039,0.4747,0.0665,0.6460,1.7804,0,0,0,0,0,0,0,CLEAN,"iterable_acc=0.000 fam=0.00|0.00|0.00|0.00|0.00|0.03|0.00|0.00"
E33,0xB409,GATE,TEST,0,0,0,0.0000,0.0000,0.0000,0.0000,0.0000,0,0,0,0,0,0,0,FAIL,"stability_region_h=0 iterable/all h1:0.20/0.24 h2:0.03/0.02 h4:0.00/0.00 h8:0.00/0.00 h16:0.00/0.00 h32:0.00/0.00 h64:0.00/0.00"
E34,0xB409,DPHI_h1,TEST,256,962,128000,0.2383,0.9204,1.0062,0.1866,0.0782,0,0,0,0,0,0,0,CLEAN,""
E34,0xB409,MLP_DIRECT_h1,TEST,256,962,128000,0.2031,0.9165,1.0033,0.1848,0.0821,0,0,0,0,0,0,0,CLEAN,""
E34,0xB409,DPHI_h4_iter,TEST,64,962,128000,0.0000,0.4357,1.0544,0.1823,0.3064,0,0,0,0,0,0,0,CLEAN,""
E34,0xB409,MLP_DIRECT_h4_iter,TEST,64,962,128000,0.0000,0.4316,1.0721,0.1757,0.3478,0,0,0,0,0,0,0,CLEAN,""
E34,0xB409,STATIC,TEST,256,0,0,0.0430,0.0000,1.0000,0.0000,0.3908,0,0,0,0,0,0,0,CLEAN,""
E34,0xB409,GATE,TEST,0,0,0,0.0000,0.0000,0.0000,0.0000,0.0000,0,0,0,0,0,0,0,FAIL,"dphi_h1=0.238 mlp_h1=0.203 dphi_h4=0.000 mlp_h4=0.000 static=0.043 params=962/962"
E35,0xB409,A_control,TEST,256,962,128000,0.2383,0.9204,1.0062,0.1866,0.0782,0,0,0,0,0,0,0,CLEAN,"fam=0.38|0.41|0.00|0.22|0.31|0.12|0.19|0.28"
E35,0xB409,B_cdt_experience,TEST,256,962,128000,0.5117,0.9478,0.9990,0.1768,0.0610,0,0,0,0,0,0,0,CLEAN,"fam=0.62|0.59|0.00|0.59|0.91|0.47|0.44|0.47 cdt_size=192 signal_numbers=384 cdt_dropped=true equiv_hits=0 any_equiv=false"
E35,0xB409,GATE,TEST,0,0,0,0.0000,0.0000,0.0000,0.0000,0.0000,0,0,0,0,0,0,0,PASS,"A=0.2383 B=0.5117 diff=0.2734 relerrA=0.0782 relerrB=0.0610 cdt_q=0 rqm_q=0 table_q=0 nn_q=0 attr_q=0 direct_q=0 leaked=0 target_seen_cdt=false target_equivalent_seen=false"
E35,0xB409,A_control,DEV,96,962,128000,0.2083,0.9070,0.9679,0.1892,0.0840,0,0,0,0,0,0,0,CLEAN,""
E35,0xB409,B_cdt_experience,DEV,96,962,128000,0.4271,0.9214,0.9838,0.1828,0.0682,0,0,0,0,0,0,0,CLEAN,""
E36,0xB409,A_no_experience,TEST,256,962,128000,0.2383,0.9204,1.0062,0.1866,0.0782,0,0,0,0,0,0,0,CLEAN,""
E36,0xB409,C_consolidated,TEST,256,962,128000,0.5117,0.9478,0.9990,0.1768,0.0610,0,0,0,0,0,0,0,CLEAN,""
E36,0xB409,B_raw_experience,TEST,256,962,128000,0.3516,0.9290,1.0167,0.1831,0.0689,0,0,0,0,0,0,0,CLEAN,""
E36,0xB409,D_corrupt_cdt,TEST,256,962,128000,0.0000,0.4648,0.9466,0.2281,0.3970,0,0,0,0,0,0,0,CLEAN,""
E36,0xB409,E_irrelevant_cdt,TEST,256,962,128000,0.0000,0.4309,1.0641,0.2285,0.3710,0,0,0,0,0,0,0,CLEAN,""
E36,0xB409,F_stats_no_topology,TEST,256,962,128000,0.1016,0.8031,0.9690,0.1226,0.2000,0,0,0,0,0,0,0,CLEAN,""
E36,0xB409,G_shuffled_order,TEST,256,962,128000,0.0000,0.2573,0.2380,0.3458,0.6263,0,0,0,0,0,0,0,CLEAN,""
E36,0xB409,GATE,TEST,0,0,0,0.0000,0.0000,0.0000,0.0000,0.0000,0,0,0,0,0,0,0,PASS,"C=0.512 B_raw=0.352 A=0.238 D_corrupt_cdt=0.000 E_irrelevant_cdt=0.000 F_stats_no_topology=0.102 G_shuffled_order=0.000"
E37,0xB409,GATE,TEST,0,0,0,0.0000,0.0000,0.0000,0.0000,0.0000,0,0,0,0,0,0,0,PASS,"pre_delete=0.5117 post_delete_fresh_process=0.5117 A=0.2383 fresh_process_queries=0 ckpt_sha=5215333dbe3700441ffc5000367a8ca7c8895fa2e9f2422c31fa48c183ac4d74"
E38,0xB409,GATE,TEST,0,0,0,0.0000,0.0000,0.0000,0.0000,0.0000,0,0,0,0,0,0,0,PASS,"P0=0.5117 P0_newtest=0.4375 A_newtest=0.1914 P1=0.5117(q=0) P2=P0(identity encoder) P3_lookup=0.0117(cdt_q=256) A=0.2383"
E39,0xB409,A_no_consolidation,TEST_triangle,256,962,128000,0.2773,0.8888,0.9817,0.1859,0.0752,0,0,0,0,0,0,0,CLEAN,""
E39,0xB409,B_consolidated,TEST_triangle,256,962,128000,0.3828,0.9052,1.0069,0.1807,0.0689,0,0,0,0,0,0,0,CLEAN,""
E39,0xB409,GATE,TEST,0,0,0,0.0000,0.0000,0.0000,0.0000,0.0000,0,0,0,0,0,0,0,PASS,"A=0.277 B=0.383 static=0.070"
E40,0xB409,A_sequential,TEST,128,962,128000,0.1953,0.2484,1.0219,0.0940,0.5159,0,0,0,0,0,0,0,CLEAN,"final_per_rule=0.00|0.00|0.00|0.78"
E40,0xB409,B_cdt_replay,TEST,128,962,128000,0.7109,0.9575,1.0039,0.0446,0.0435,0,0,0,0,0,0,0,CLEAN,"final_per_rule=0.72|0.56|0.75|0.81"
E40,0xB409,D_corrupt_replay,TEST,128,962,128000,0.0391,0.0788,1.0083,0.0517,0.3204,0,0,0,0,0,0,0,CLEAN,"final_per_rule=0.03|0.00|0.00|0.12"
E40,0xB409,GATE,TEST,0,0,0,0.0000,0.0000,0.0000,0.0000,0.0000,0,0,0,0,0,0,0,PASS,"final A=0.195 B=0.711 D=0.039 forgetting A=0.917 B=0.260 D=0.344"
E41,0xB409,GATE,TEST,0,0,0,0.0000,0.0000,0.0000,0.0000,0.0000,0,0,0,0,0,0,0,PASS,"base_rot=0.594 base_translate=0.625 structured: redirect=0.688 rot_acc=0.031 | random(|Δ|F equal): redirect=0.000 rot_acc=0.000 | rollback_exact=true"
E42,0xB409,A_N8,TEST,256,962,128000,0.1445,0.8978,1.0202,0.1777,0.1117,0,0,0,0,0,0,0,CLEAN,""
E42,0xB409,B_N8,TEST,256,962,128000,0.2695,0.9036,0.9943,0.1653,0.0834,0,0,0,0,0,0,0,CLEAN,""
E42,0xB409,A_N16,TEST,256,962,128000,0.3750,0.9316,0.9965,0.1833,0.0635,0,0,0,0,0,0,0,CLEAN,""
E42,0xB409,B_N16,TEST,256,962,128000,0.3320,0.9142,1.0353,0.1775,0.0645,0,0,0,0,0,0,0,CLEAN,""
E42,0xB409,A_N32,TEST,256,962,128000,0.2656,0.8950,1.0224,0.1859,0.0809,0,0,0,0,0,0,0,CLEAN,""
E42,0xB409,B_N32,TEST,256,962,128000,0.2305,0.9110,1.0108,0.1816,0.0806,0,0,0,0,0,0,0,CLEAN,""
E42,0xB409,A_N64,TEST,256,962,128000,0.1875,0.9187,0.9859,0.1898,0.0880,0,0,0,0,0,0,0,CLEAN,""
E42,0xB409,B_N64,TEST,256,962,128000,0.2852,0.9150,1.0290,0.1794,0.0814,0,0,0,0,0,0,0,CLEAN,""
E42,0xB409,A_N128,TEST,256,962,128000,0.3086,0.9323,0.9910,0.1881,0.0775,0,0,0,0,0,0,0,CLEAN,""
E42,0xB409,B_N128,TEST,256,962,128000,0.3867,0.9265,1.0111,0.1821,0.0675,0,0,0,0,0,0,0,CLEAN,""
E42,0xB409,GATE,TEST,0,0,0,0.0000,0.0000,0.0000,0.0000,0.0000,0,0,0,0,0,0,0,FAIL,"N8:A=0.145,B=0.270 N16:A=0.375,B=0.332 N32:A=0.266,B=0.230 N64:A=0.188,B=0.285 N128:A=0.309,B=0.387"
E31,0xB40A,DPHI,TEST,256,962,128000,0.1953,0.9106,1.0233,0.1871,0.0884,0,0,0,0,0,0,0,CLEAN,"0.44|0.06|0.03|0.38|0.19|0.22|0.00|0.25"
E31,0xB40A,STATIC,TEST,256,0,0,0.0312,0.0000,1.0000,0.0000,0.3988,0,0,0,0,0,0,0,CLEAN,"0.00|0.12|0.00|0.03|0.03|0.00|0.00|0.06"
E31,0xB40A,LINEAR,TEST,256,26,0,0.0000,0.0527,0.7408,0.0700,0.4399,0,0,0,0,0,0,0,CLEAN,"0.00|0.00|0.00|0.00|0.00|0.00|0.00|0.00"
E31,0xB40A,RANDOM_DYN,TEST,256,962,0,0.0000,-0.0617,1.3429,0.2962,0.8819,0,0,0,0,0,0,0,CLEAN,"0.00|0.00|0.00|0.00|0.00|0.00|0.00|0.00"
E31,0xB40A,SHUFFLED_LABEL,TEST,256,962,128000,0.0000,0.0966,0.3097,0.6513,1.1080,0,0,0,0,0,0,0,CLEAN,"0.00|0.00|0.00|0.00|0.00|0.00|0.00|0.00"
E31,0xB40A,NN_LOOKUP,TEST,256,6528,0,0.0039,0.4622,1.0103,0.1824,0.3307,256,0,0,0,256,0,0,LOOKUP_CONTROL,"0.00|0.00|0.00|0.00|0.00|0.00|0.00|0.03"
E31,0xB40A,GATE,TEST,0,0,0,0.0000,0.0000,0.0000,0.0000,0.0000,0,0,0,0,0,0,0,PASS,"families_won=5 [translate scale shear affine radial_warp] dphi_acc=0.195 best_ctrl_acc=0.031"
E31,0xB40A,DPHI,DEV,96,962,128000,0.1979,0.8999,1.0231,0.1929,0.0949,0,0,0,0,0,0,0,CLEAN,""
E32,0xB40A,GATE,TEST,0,0,0,0.0000,0.0000,0.0000,0.0000,0.0000,0,0,0,0,0,0,0,PASS,"fams_sigma_within10%=5 frac_steps_sigma>1=0.972 translate:σD=1.119/σT=1.000 rotate:σD=1.136/σT=1.000 reflect:σD=1.086/σT=1.000 scale:σD=1.199/σT=1.109 shear:σD=1.175/σT=1.118 affine:σD=1.226/σT=1.094 compose_rot_scale:σD=1.144/σT=1.061 radial_warp:σD=1.169/σT=1.228"
E33,0xB40A,DPHI_h1,TEST,256,962,128000,0.1953,0.9106,1.0233,0.1871,0.0884,0,0,0,0,0,0,0,CLEAN,"iterable_acc=0.047 fam=0.44|0.06|0.03|0.38|0.19|0.22|0.00|0.25"
E33,0xB40A,DPHI_h2,TEST,256,962,128000,0.0195,0.7874,1.0465,0.1428,0.1557,0,0,0,0,0,0,0,CLEAN,"iterable_acc=0.000 fam=0.06|0.00|0.00|0.00|0.00|0.00|0.00|0.09"
E33,0xB40A,DPHI_h4,TEST,256,962,128000,0.0000,0.7854,1.0147,0.2501,0.2787,0,0,0,0,0,0,0,CLEAN,"iterable_acc=0.000 fam=0.00|0.00|0.00|0.00|0.00|0.00|0.00|0.00"
E33,0xB40A,DPHI_h8,TEST,256,962,128000,0.0000,0.7650,0.8917,0.3958,0.5184,0,0,0,0,0,0,0,CLEAN,"iterable_acc=0.000 fam=0.00|0.00|0.00|0.00|0.00|0.00|0.00|0.00"
E33,0xB40A,DPHI_h16,TEST,256,962,128000,0.0000,0.6498,0.6108,0.5379,1.0855,0,0,0,0,0,0,0,CLEAN,"iterable_acc=0.000 fam=0.00|0.00|0.00|0.00|0.00|0.00|0.00|0.00"
E33,0xB40A,DPHI_h32,TEST,256,962,128000,0.0000,0.4626,0.3497,0.6361,1.5488,0,0,0,0,0,0,0,CLEAN,"iterable_acc=0.000 fam=0.00|0.00|0.00|0.00|0.00|0.00|0.00|0.00"
E33,0xB40A,DPHI_h64,TEST,256,962,128000,0.0000,0.4069,0.1645,0.6773,1.8107,0,0,0,0,0,0,0,CLEAN,"iterable_acc=0.000 fam=0.00|0.00|0.00|0.00|0.00|0.00|0.00|0.00"
E33,0xB40A,GATE,TEST,0,0,0,0.0000,0.0000,0.0000,0.0000,0.0000,0,0,0,0,0,0,0,FAIL,"stability_region_h=0 iterable/all h1:0.05/0.20 h2:0.00/0.02 h4:0.00/0.00 h8:0.00/0.00 h16:0.00/0.00 h32:0.00/0.00 h64:0.00/0.00"
E34,0xB40A,DPHI_h1,TEST,256,962,128000,0.1953,0.9106,1.0233,0.1871,0.0884,0,0,0,0,0,0,0,CLEAN,""
E34,0xB40A,MLP_DIRECT_h1,TEST,256,962,128000,0.1562,0.9064,1.0384,0.1872,0.0930,0,0,0,0,0,0,0,CLEAN,""
E34,0xB40A,DPHI_h4_iter,TEST,64,962,128000,0.0000,0.4238,1.0211,0.1906,0.3480,0,0,0,0,0,0,0,CLEAN,""
E34,0xB40A,MLP_DIRECT_h4_iter,TEST,64,962,128000,0.0000,0.4210,0.9483,0.1994,0.3628,0,0,0,0,0,0,0,CLEAN,""
E34,0xB40A,STATIC,TEST,256,0,0,0.0312,0.0000,1.0000,0.0000,0.3988,0,0,0,0,0,0,0,CLEAN,""
E34,0xB40A,GATE,TEST,0,0,0,0.0000,0.0000,0.0000,0.0000,0.0000,0,0,0,0,0,0,0,FAIL,"dphi_h1=0.195 mlp_h1=0.156 dphi_h4=0.000 mlp_h4=0.000 static=0.031 params=962/962"
E35,0xB40A,A_control,TEST,256,962,128000,0.1953,0.9106,1.0233,0.1871,0.0884,0,0,0,0,0,0,0,CLEAN,"fam=0.44|0.06|0.03|0.38|0.19|0.22|0.00|0.25"
E35,0xB40A,B_cdt_experience,TEST,256,962,128000,0.4492,0.9262,0.9869,0.1772,0.0633,0,0,0,0,0,0,0,CLEAN,"fam=0.66|0.62|0.00|0.34|0.69|0.41|0.53|0.34 cdt_size=192 signal_numbers=384 cdt_dropped=true equiv_hits=0 any_equiv=false"
E35,0xB40A,GATE,TEST,0,0,0,0.0000,0.0000,0.0000,0.0000,0.0000,0,0,0,0,0,0,0,PASS,"A=0.1953 B=0.4492 diff=0.2539 relerrA=0.0884 relerrB=0.0633 cdt_q=0 rqm_q=0 table_q=0 nn_q=0 attr_q=0 direct_q=0 leaked=0 target_seen_cdt=false target_equivalent_seen=false"
E35,0xB40A,A_control,DEV,96,962,128000,0.1979,0.8999,1.0231,0.1929,0.0949,0,0,0,0,0,0,0,CLEAN,""
E35,0xB40A,B_cdt_experience,DEV,96,962,128000,0.4479,0.9267,0.9784,0.1870,0.0724,0,0,0,0,0,0,0,CLEAN,""
E36,0xB40A,A_no_experience,TEST,256,962,128000,0.1953,0.9106,1.0233,0.1871,0.0884,0,0,0,0,0,0,0,CLEAN,""
E36,0xB40A,C_consolidated,TEST,256,962,128000,0.4492,0.9262,0.9869,0.1772,0.0633,0,0,0,0,0,0,0,CLEAN,""
E36,0xB40A,B_raw_experience,TEST,256,962,128000,0.1328,0.8971,0.9897,0.1904,0.0947,0,0,0,0,0,0,0,CLEAN,""
E36,0xB40A,D_corrupt_cdt,TEST,256,962,128000,0.0000,0.5220,0.8892,0.2170,0.3878,0,0,0,0,0,0,0,CLEAN,""
E36,0xB40A,E_irrelevant_cdt,TEST,256,962,128000,0.0000,0.2905,1.0259,0.1640,0.4476,0,0,0,0,0,0,0,CLEAN,""
E36,0xB40A,F_stats_no_topology,TEST,256,962,128000,0.0703,0.6958,0.9824,0.1016,0.2551,0,0,0,0,0,0,0,CLEAN,""
E36,0xB40A,G_shuffled_order,TEST,256,962,128000,0.0000,0.2612,0.2590,0.3247,0.6969,0,0,0,0,0,0,0,CLEAN,""
E36,0xB40A,GATE,TEST,0,0,0,0.0000,0.0000,0.0000,0.0000,0.0000,0,0,0,0,0,0,0,PASS,"C=0.449 B_raw=0.133 A=0.195 D_corrupt_cdt=0.000 E_irrelevant_cdt=0.000 F_stats_no_topology=0.070 G_shuffled_order=0.000"
E37,0xB40A,GATE,TEST,0,0,0,0.0000,0.0000,0.0000,0.0000,0.0000,0,0,0,0,0,0,0,PASS,"pre_delete=0.4492 post_delete_fresh_process=0.4492 A=0.1953 fresh_process_queries=0 ckpt_sha=ae870b623b3de22a82de00c90e7d2661b550a02a81f3e570679b72ea6227e0da"
E38,0xB40A,GATE,TEST,0,0,0,0.0000,0.0000,0.0000,0.0000,0.0000,0,0,0,0,0,0,0,PASS,"P0=0.4492 P0_newtest=0.5156 A_newtest=0.2031 P1=0.4492(q=0) P2=P0(identity encoder) P3_lookup=0.0039(cdt_q=256) A=0.1953"
E39,0xB40A,A_no_consolidation,TEST_triangle,256,962,128000,0.1875,0.9167,1.0077,0.1886,0.0775,0,0,0,0,0,0,0,CLEAN,""
E39,0xB40A,B_consolidated,TEST_triangle,256,962,128000,0.1992,0.9152,1.0190,0.1868,0.0749,0,0,0,0,0,0,0,CLEAN,""
E39,0xB40A,GATE,TEST,0,0,0,0.0000,0.0000,0.0000,0.0000,0.0000,0,0,0,0,0,0,0,FAIL,"A=0.188 B=0.199 static=0.031"
E40,0xB40A,A_sequential,TEST,128,962,128000,0.1250,0.3837,1.0417,0.0880,0.4318,0,0,0,0,0,0,0,CLEAN,"final_per_rule=0.00|0.00|0.00|0.50"
E40,0xB40A,B_cdt_replay,TEST,128,962,128000,0.7266,0.9754,0.9788,0.0494,0.0410,0,0,0,0,0,0,0,CLEAN,"final_per_rule=0.97|0.75|0.66|0.53"
E40,0xB40A,D_corrupt_replay,TEST,128,962,128000,0.0625,0.0291,1.0307,0.0483,0.3440,0,0,0,0,0,0,0,CLEAN,"final_per_rule=0.00|0.00|0.00|0.25"
E40,0xB40A,GATE,TEST,0,0,0,0.0000,0.0000,0.0000,0.0000,0.0000,0,0,0,0,0,0,0,PASS,"final A=0.125 B=0.727 D=0.062 forgetting A=0.906 B=0.125 D=0.333"
E41,0xB40A,GATE,TEST,0,0,0,0.0000,0.0000,0.0000,0.0000,0.0000,0,0,0,0,0,0,0,PASS,"base_rot=0.625 base_translate=0.656 structured: redirect=0.750 rot_acc=0.000 | random(|Δ|F equal): redirect=0.000 rot_acc=0.000 | rollback_exact=true"
E42,0xB40A,A_N8,TEST,256,962,128000,0.2539,0.9254,1.0119,0.1761,0.0730,0,0,0,0,0,0,0,CLEAN,""
E42,0xB40A,B_N8,TEST,256,962,128000,0.3789,0.9224,1.0247,0.1669,0.0679,0,0,0,0,0,0,0,CLEAN,""
E42,0xB40A,A_N16,TEST,256,962,128000,0.2305,0.8927,0.9889,0.1852,0.0815,0,0,0,0,0,0,0,CLEAN,""
E42,0xB40A,B_N16,TEST,256,962,128000,0.3477,0.9076,1.0226,0.1772,0.0735,0,0,0,0,0,0,0,CLEAN,""
E42,0xB40A,A_N32,TEST,256,962,128000,0.2656,0.9299,1.0105,0.1913,0.0731,0,0,0,0,0,0,0,CLEAN,""
E42,0xB40A,B_N32,TEST,256,962,128000,0.5039,0.9433,0.9887,0.1801,0.0634,0,0,0,0,0,0,0,CLEAN,""
E42,0xB40A,A_N64,TEST,256,962,128000,0.2188,0.9152,1.0040,0.1861,0.0765,0,0,0,0,0,0,0,CLEAN,""
E42,0xB40A,B_N64,TEST,256,962,128000,0.3555,0.9338,0.9898,0.1844,0.0671,0,0,0,0,0,0,0,CLEAN,""
E42,0xB40A,A_N128,TEST,256,962,128000,0.1836,0.9040,0.9861,0.1879,0.0800,0,0,0,0,0,0,0,CLEAN,""
E42,0xB40A,B_N128,TEST,256,962,128000,0.3164,0.9175,0.9864,0.1820,0.0700,0,0,0,0,0,0,0,CLEAN,""
E42,0xB40A,GATE,TEST,0,0,0,0.0000,0.0000,0.0000,0.0000,0.0000,0,0,0,0,0,0,0,PASS,"N8:A=0.254,B=0.379 N16:A=0.230,B=0.348 N32:A=0.266,B=0.504 N64:A=0.219,B=0.355 N128:A=0.184,B=0.316"
E31,0xB40B,DPHI,TEST,256,962,128000,0.1562,0.8836,0.9826,0.1838,0.0895,0,0,0,0,0,0,0,CLEAN,"0.38|0.12|0.00|0.19|0.41|0.00|0.12|0.03"
E31,0xB40B,STATIC,TEST,256,0,0,0.0586,0.0000,1.0000,0.0000,0.3970,0,0,0,0,0,0,0,CLEAN,"0.03|0.12|0.00|0.06|0.06|0.00|0.00|0.19"
E31,0xB40B,LINEAR,TEST,256,26,0,0.0000,0.1914,0.7161,0.0727,0.4245,0,0,0,0,0,0,0,CLEAN,"0.00|0.00|0.00|0.00|0.00|0.00|0.00|0.00"
E31,0xB40B,RANDOM_DYN,TEST,256,962,0,0.0000,-0.0304,0.9391,0.1370,0.7679,0,0,0,0,0,0,0,CLEAN,"0.00|0.00|0.00|0.00|0.00|0.00|0.00|0.00"
E31,0xB40B,SHUFFLED_LABEL,TEST,256,962,128000,0.0000,0.1478,0.2905,0.6261,1.1638,0,0,0,0,0,0,0,CLEAN,"0.00|0.00|0.00|0.00|0.00|0.00|0.00|0.00"
E31,0xB40B,NN_LOOKUP,TEST,256,6528,0,0.0117,0.5062,1.0302,0.1847,0.3454,256,0,0,0,256,0,0,LOOKUP_CONTROL,"0.03|0.00|0.00|0.03|0.00|0.00|0.00|0.03"
E31,0xB40B,GATE,TEST,0,0,0,0.0000,0.0000,0.0000,0.0000,0.0000,0,0,0,0,0,0,0,PASS,"families_won=4 [translate scale shear compose_rot_scale] dphi_acc=0.156 best_ctrl_acc=0.059"
E31,0xB40B,DPHI,DEV,96,962,128000,0.1146,0.9160,0.9985,0.1925,0.0934,0,0,0,0,0,0,0,CLEAN,""
E32,0xB40B,GATE,TEST,0,0,0,0.0000,0.0000,0.0000,0.0000,0.0000,0,0,0,0,0,0,0,PASS,"fams_sigma_within10%=7 frac_steps_sigma>1=0.962 translate:σD=1.064/σT=1.000 rotate:σD=1.050/σT=1.000 reflect:σD=1.107/σT=1.000 scale:σD=1.187/σT=1.115 shear:σD=1.157/σT=1.104 affine:σD=1.117/σT=1.069 compose_rot_scale:σD=0.966/σT=0.900 radial_warp:σD=1.131/σT=1.254"
E33,0xB40B,DPHI_h1,TEST,256,962,128000,0.1562,0.8836,0.9826,0.1838,0.0895,0,0,0,0,0,0,0,CLEAN,"iterable_acc=0.062 fam=0.38|0.12|0.00|0.19|0.41|0.00|0.12|0.03"
E33,0xB40B,DPHI_h2,TEST,256,962,128000,0.0039,0.7573,0.9749,0.1322,0.1610,0,0,0,0,0,0,0,CLEAN,"iterable_acc=0.000 fam=0.00|0.00|0.00|0.00|0.03|0.00|0.00|0.00"
E33,0xB40B,DPHI_h4,TEST,256,962,128000,0.0000,0.7494,0.9518,0.2312,0.2852,0,0,0,0,0,0,0,CLEAN,"iterable_acc=0.000 fam=0.00|0.00|0.00|0.00|0.00|0.00|0.00|0.00"
E33,0xB40B,DPHI_h8,TEST,256,962,128000,0.0000,0.7188,0.7762,0.3712,0.5211,0,0,0,0,0,0,0,CLEAN,"iterable_acc=0.000 fam=0.00|0.00|0.00|0.00|0.00|0.00|0.00|0.00"
E33,0xB40B,DPHI_h16,TEST,256,962,128000,0.0000,0.6145,0.5100,0.5031,1.0871,0,0,0,0,0,0,0,CLEAN,"iterable_acc=0.000 fam=0.00|0.00|0.00|0.00|0.00|0.00|0.00|0.00"
E33,0xB40B,DPHI_h32,TEST,256,962,128000,0.0000,0.4710,0.1940,0.5877,1.6093,0,0,0,0,0,0,0,CLEAN,"iterable_acc=0.000 fam=0.00|0.00|0.00|0.00|0.00|0.00|0.00|0.00"
E33,0xB40B,DPHI_h64,TEST,256,962,128000,0.0000,0.4204,0.0654,0.5714,1.8896,0,0,0,0,0,0,0,CLEAN,"iterable_acc=0.000 fam=0.00|0.00|0.00|0.00|0.00|0.00|0.00|0.00"
E33,0xB40B,GATE,TEST,0,0,0,0.0000,0.0000,0.0000,0.0000,0.0000,0,0,0,0,0,0,0,FAIL,"stability_region_h=0 iterable/all h1:0.06/0.16 h2:0.00/0.00 h4:0.00/0.00 h8:0.00/0.00 h16:0.00/0.00 h32:0.00/0.00 h64:0.00/0.00"
E34,0xB40B,DPHI_h1,TEST,256,962,128000,0.1562,0.8836,0.9826,0.1838,0.0895,0,0,0,0,0,0,0,CLEAN,""
E34,0xB40B,MLP_DIRECT_h1,TEST,256,962,128000,0.1602,0.9046,1.0177,0.1851,0.0827,0,0,0,0,0,0,0,CLEAN,""
E34,0xB40B,DPHI_h4_iter,TEST,64,962,128000,0.0000,0.4059,0.7551,0.1559,0.2993,0,0,0,0,0,0,0,CLEAN,""
E34,0xB40B,MLP_DIRECT_h4_iter,TEST,64,962,128000,0.0000,0.4213,1.0406,0.1788,0.2884,0,0,0,0,0,0,0,CLEAN,""
E34,0xB40B,STATIC,TEST,256,0,0,0.0586,0.0000,1.0000,0.0000,0.3970,0,0,0,0,0,0,0,CLEAN,""
E34,0xB40B,GATE,TEST,0,0,0,0.0000,0.0000,0.0000,0.0000,0.0000,0,0,0,0,0,0,0,FAIL,"dphi_h1=0.156 mlp_h1=0.160 dphi_h4=0.000 mlp_h4=0.000 static=0.059 params=962/962"
E35,0xB40B,A_control,TEST,256,962,128000,0.1562,0.8836,0.9826,0.1838,0.0895,0,0,0,0,0,0,0,CLEAN,"fam=0.38|0.12|0.00|0.19|0.41|0.00|0.12|0.03"
E35,0xB40B,B_cdt_experience,TEST,256,962,128000,0.3047,0.8911,1.0221,0.1751,0.0776,0,0,0,0,0,0,0,CLEAN,"fam=0.56|0.50|0.03|0.19|0.56|0.44|0.12|0.03 cdt_size=192 signal_numbers=384 cdt_dropped=true equiv_hits=0 any_equiv=false"
E35,0xB40B,GATE,TEST,0,0,0,0.0000,0.0000,0.0000,0.0000,0.0000,0,0,0,0,0,0,0,PASS,"A=0.1562 B=0.3047 diff=0.1484 relerrA=0.0895 relerrB=0.0776 cdt_q=0 rqm_q=0 table_q=0 nn_q=0 attr_q=0 direct_q=0 leaked=0 target_seen_cdt=false target_equivalent_seen=false"
E35,0xB40B,A_control,DEV,96,962,128000,0.1146,0.9160,0.9985,0.1925,0.0934,0,0,0,0,0,0,0,CLEAN,""
E35,0xB40B,B_cdt_experience,DEV,96,962,128000,0.2812,0.9356,1.0247,0.1837,0.0764,0,0,0,0,0,0,0,CLEAN,""
E36,0xB40B,A_no_experience,TEST,256,962,128000,0.1562,0.8836,0.9826,0.1838,0.0895,0,0,0,0,0,0,0,CLEAN,""
E36,0xB40B,C_consolidated,TEST,256,962,128000,0.3047,0.8911,1.0221,0.1751,0.0776,0,0,0,0,0,0,0,CLEAN,""
E36,0xB40B,B_raw_experience,TEST,256,962,128000,0.1641,0.8802,1.0060,0.1884,0.0868,0,0,0,0,0,0,0,CLEAN,""
E36,0xB40B,D_corrupt_cdt,TEST,256,962,128000,0.0039,0.4847,0.9021,0.2214,0.4070,0,0,0,0,0,0,0,CLEAN,""
E36,0xB40B,E_irrelevant_cdt,TEST,256,962,128000,0.0000,0.3924,0.8941,0.2043,0.4640,0,0,0,0,0,0,0,CLEAN,""
E36,0xB40B,F_stats_no_topology,TEST,256,962,128000,0.0273,0.7141,0.9589,0.1102,0.2345,0,0,0,0,0,0,0,CLEAN,""
E36,0xB40B,G_shuffled_order,TEST,256,962,128000,0.0000,0.3306,0.2179,0.3946,0.6933,0,0,0,0,0,0,0,CLEAN,""
E36,0xB40B,GATE,TEST,0,0,0,0.0000,0.0000,0.0000,0.0000,0.0000,0,0,0,0,0,0,0,PASS,"C=0.305 B_raw=0.164 A=0.156 D_corrupt_cdt=0.004 E_irrelevant_cdt=0.000 F_stats_no_topology=0.027 G_shuffled_order=0.000"
E37,0xB40B,GATE,TEST,0,0,0,0.0000,0.0000,0.0000,0.0000,0.0000,0,0,0,0,0,0,0,PASS,"pre_delete=0.3047 post_delete_fresh_process=0.3047 A=0.1562 fresh_process_queries=0 ckpt_sha=4b711f931a73797d797577d7889b6725f3c72db106dcec1b7207127d94387711"
E38,0xB40B,GATE,TEST,0,0,0,0.0000,0.0000,0.0000,0.0000,0.0000,0,0,0,0,0,0,0,PASS,"P0=0.3047 P0_newtest=0.3125 A_newtest=0.1055 P1=0.3047(q=0) P2=P0(identity encoder) P3_lookup=0.0117(cdt_q=256) A=0.1562"
E39,0xB40B,A_no_consolidation,TEST_triangle,256,962,128000,0.1836,0.9096,1.0056,0.1848,0.0797,0,0,0,0,0,0,0,CLEAN,""
E39,0xB40B,B_consolidated,TEST_triangle,256,962,128000,0.3828,0.9282,0.9844,0.1826,0.0729,0,0,0,0,0,0,0,CLEAN,""
E39,0xB40B,GATE,TEST,0,0,0,0.0000,0.0000,0.0000,0.0000,0.0000,0,0,0,0,0,0,0,PASS,"A=0.184 B=0.383 static=0.043"
E40,0xB40B,A_sequential,TEST,128,962,128000,0.1172,0.3681,1.0770,0.1056,0.6412,0,0,0,0,0,0,0,CLEAN,"final_per_rule=0.00|0.00|0.00|0.47"
E40,0xB40B,B_cdt_replay,TEST,128,962,128000,0.5391,0.9557,1.0051,0.0468,0.0521,0,0,0,0,0,0,0,CLEAN,"final_per_rule=0.72|0.84|0.03|0.56"
E40,0xB40B,D_corrupt_replay,TEST,128,962,128000,0.0859,0.1326,1.0051,0.0529,0.3044,0,0,0,0,0,0,0,CLEAN,"final_per_rule=0.03|0.03|0.00|0.28"
E40,0xB40B,GATE,TEST,0,0,0,0.0000,0.0000,0.0000,0.0000,0.0000,0,0,0,0,0,0,0,PASS,"final A=0.117 B=0.539 D=0.086 forgetting A=0.938 B=0.458 D=0.312"
E41,0xB40B,GATE,TEST,0,0,0,0.0000,0.0000,0.0000,0.0000,0.0000,0,0,0,0,0,0,0,PASS,"base_rot=0.500 base_translate=0.562 structured: redirect=0.531 rot_acc=0.000 | random(|Δ|F equal): redirect=0.000 rot_acc=0.000 | rollback_exact=true"
E42,0xB40B,A_N8,TEST,256,962,128000,0.2852,0.9066,0.9836,0.1758,0.0801,0,0,0,0,0,0,0,CLEAN,""
E42,0xB40B,B_N8,TEST,256,962,128000,0.3164,0.8965,1.0142,0.1685,0.0746,0,0,0,0,0,0,0,CLEAN,""
E42,0xB40B,A_N16,TEST,256,962,128000,0.1875,0.9253,1.0019,0.1907,0.0894,0,0,0,0,0,0,0,CLEAN,""
E42,0xB40B,B_N16,TEST,256,962,128000,0.4961,0.9470,1.0161,0.1785,0.0656,0,0,0,0,0,0,0,CLEAN,""
E42,0xB40B,A_N32,TEST,256,962,128000,0.1289,0.8853,1.0080,0.1838,0.0843,0,0,0,0,0,0,0,CLEAN,""
E42,0xB40B,B_N32,TEST,256,962,128000,0.2656,0.9127,1.0023,0.1765,0.0750,0,0,0,0,0,0,0,CLEAN,""
E42,0xB40B,A_N64,TEST,256,962,128000,0.2812,0.9218,1.0175,0.1862,0.0720,0,0,0,0,0,0,0,CLEAN,""
E42,0xB40B,B_N64,TEST,256,962,128000,0.4102,0.9270,0.9997,0.1826,0.0643,0,0,0,0,0,0,0,CLEAN,""
E42,0xB40B,A_N128,TEST,256,962,128000,0.2344,0.9210,1.0003,0.1828,0.0720,0,0,0,0,0,0,0,CLEAN,""
E42,0xB40B,B_N128,TEST,256,962,128000,0.3359,0.9240,1.0311,0.1808,0.0707,0,0,0,0,0,0,0,CLEAN,""
E42,0xB40B,GATE,TEST,0,0,0,0.0000,0.0000,0.0000,0.0000,0.0000,0,0,0,0,0,0,0,FAIL,"N8:A=0.285,B=0.316 N16:A=0.188,B=0.496 N32:A=0.129,B=0.266 N64:A=0.281,B=0.410 N128:A=0.234,B=0.336"
E31,0xB40C,DPHI,TEST,256,962,128000,0.3633,0.9184,1.0216,0.1820,0.0668,0,0,0,0,0,0,0,CLEAN,"0.38|0.38|0.00|0.28|0.59|0.38|0.50|0.41"
E31,0xB40C,STATIC,TEST,256,0,0,0.0430,0.0000,0.9973,0.0000,0.4051,0,0,0,0,0,0,0,CLEAN,"0.00|0.09|0.00|0.03|0.03|0.00|0.00|0.19"
E31,0xB40C,LINEAR,TEST,256,26,0,0.0000,0.1249,0.6775,0.0840,0.4380,0,0,0,0,0,0,0,CLEAN,"0.00|0.00|0.00|0.00|0.00|0.00|0.00|0.00"
E31,0xB40C,RANDOM_DYN,TEST,256,962,0,0.0000,0.0178,1.3252,0.2713,0.8115,0,0,0,0,0,0,0,CLEAN,"0.00|0.00|0.00|0.00|0.00|0.00|0.00|0.00"
E31,0xB40C,SHUFFLED_LABEL,TEST,256,962,128000,0.0000,0.0225,0.3430,0.6829,1.1960,0,0,0,0,0,0,0,CLEAN,"0.00|0.00|0.00|0.00|0.00|0.00|0.00|0.00"
E31,0xB40C,NN_LOOKUP,TEST,256,6528,0,0.0352,0.5565,1.0234,0.1870,0.3623,256,0,0,0,256,0,0,LOOKUP_CONTROL,"0.06|0.06|0.00|0.03|0.00|0.00|0.00|0.12"
E31,0xB40C,GATE,TEST,0,0,0,0.0000,0.0000,0.0000,0.0000,0.0000,0,0,0,0,0,0,0,PASS,"families_won=7 [translate rotate scale shear affine compose_rot_scale radial_warp] dphi_acc=0.363 best_ctrl_acc=0.043"
E31,0xB40C,DPHI,DEV,96,962,128000,0.3333,0.9296,1.0178,0.1869,0.0692,0,0,0,0,0,0,0,CLEAN,""
E32,0xB40C,GATE,TEST,0,0,0,0.0000,0.0000,0.0000,0.0000,0.0000,0,0,0,0,0,0,0,PASS,"fams_sigma_within10%=7 frac_steps_sigma>1=0.981 translate:σD=1.081/σT=1.000 rotate:σD=1.085/σT=1.000 reflect:σD=1.122/σT=1.000 scale:σD=1.216/σT=1.150 shear:σD=1.184/σT=1.108 affine:σD=1.185/σT=1.085 compose_rot_scale:σD=1.039/σT=0.932 radial_warp:σD=1.166/σT=1.212"
E33,0xB40C,DPHI_h1,TEST,256,962,128000,0.3633,0.9184,1.0216,0.1820,0.0668,0,0,0,0,0,0,0,CLEAN,"iterable_acc=0.188 fam=0.38|0.38|0.00|0.28|0.59|0.38|0.50|0.41"
E33,0xB40C,DPHI_h2,TEST,256,962,128000,0.0312,0.7931,1.0335,0.1286,0.1182,0,0,0,0,0,0,0,CLEAN,"iterable_acc=0.016 fam=0.06|0.03|0.00|0.06|0.03|0.03|0.03|0.00"
E33,0xB40C,DPHI_h4,TEST,256,962,128000,0.0000,0.7884,1.0173,0.2337,0.2171,0,0,0,0,0,0,0,CLEAN,"iterable_acc=0.000 fam=0.00|0.00|0.00|0.00|0.00|0.00|0.00|0.00"
E33,0xB40C,DPHI_h8,TEST,256,962,128000,0.0000,0.7637,0.9250,0.3850,0.4125,0,0,0,0,0,0,0,CLEAN,"iterable_acc=0.000 fam=0.00|0.00|0.00|0.00|0.00|0.00|0.00|0.00"
E33,0xB40C,DPHI_h16,TEST,256,962,128000,0.0000,0.6618,0.7736,0.5141,0.7861,0,0,0,0,0,0,0,CLEAN,"iterable_acc=0.000 fam=0.00|0.00|0.00|0.00|0.00|0.00|0.00|0.00"
E33,0xB40C,DPHI_h32,TEST,256,962,128000,0.0000,0.4848,0.2745,0.6058,1.3755,0,0,0,0,0,0,0,CLEAN,"iterable_acc=0.000 fam=0.00|0.00|0.00|0.00|0.00|0.00|0.00|0.00"
E33,0xB40C,DPHI_h64,TEST,256,962,128000,0.0000,0.4083,0.0611,0.6296,1.8455,0,0,0,0,0,0,0,CLEAN,"iterable_acc=0.000 fam=0.00|0.00|0.00|0.00|0.00|0.00|0.00|0.00"
E33,0xB40C,GATE,TEST,0,0,0,0.0000,0.0000,0.0000,0.0000,0.0000,0,0,0,0,0,0,0,FAIL,"stability_region_h=0 iterable/all h1:0.19/0.36 h2:0.02/0.03 h4:0.00/0.00 h8:0.00/0.00 h16:0.00/0.00 h32:0.00/0.00 h64:0.00/0.00"
E34,0xB40C,DPHI_h1,TEST,256,962,128000,0.3633,0.9184,1.0216,0.1820,0.0668,0,0,0,0,0,0,0,CLEAN,""
E34,0xB40C,MLP_DIRECT_h1,TEST,256,962,128000,0.2852,0.9270,1.0177,0.1843,0.0716,0,0,0,0,0,0,0,CLEAN,""
E34,0xB40C,DPHI_h4_iter,TEST,64,962,128000,0.0000,0.4600,1.0541,0.1541,0.2578,0,0,0,0,0,0,0,CLEAN,""
E34,0xB40C,MLP_DIRECT_h4_iter,TEST,64,962,128000,0.0000,0.4720,1.0107,0.1522,0.2721,0,0,0,0,0,0,0,CLEAN,""
E34,0xB40C,STATIC,TEST,256,0,0,0.0430,0.0000,0.9973,0.0000,0.4051,0,0,0,0,0,0,0,CLEAN,""
E34,0xB40C,GATE,TEST,0,0,0,0.0000,0.0000,0.0000,0.0000,0.0000,0,0,0,0,0,0,0,PASS,"dphi_h1=0.363 mlp_h1=0.285 dphi_h4=0.000 mlp_h4=0.000 static=0.043 params=962/962"
E35,0xB40C,A_control,TEST,256,962,128000,0.3633,0.9184,1.0216,0.1820,0.0668,0,0,0,0,0,0,0,CLEAN,"fam=0.38|0.38|0.00|0.28|0.59|0.38|0.50|0.41"
E35,0xB40C,B_cdt_experience,TEST,256,962,128000,0.3984,0.9190,1.0265,0.1797,0.0656,0,0,0,0,0,0,0,CLEAN,"fam=0.81|0.50|0.03|0.66|0.22|0.50|0.28|0.19 cdt_size=192 signal_numbers=384 cdt_dropped=true equiv_hits=0 any_equiv=false"
E35,0xB40C,GATE,TEST,0,0,0,0.0000,0.0000,0.0000,0.0000,0.0000,0,0,0,0,0,0,0,FAIL,"A=0.3633 B=0.3984 diff=0.0352 relerrA=0.0668 relerrB=0.0656 cdt_q=0 rqm_q=0 table_q=0 nn_q=0 attr_q=0 direct_q=0 leaked=0 target_seen_cdt=false target_equivalent_seen=false"
E35,0xB40C,A_control,DEV,96,962,128000,0.3333,0.9296,1.0178,0.1869,0.0692,0,0,0,0,0,0,0,CLEAN,""
E35,0xB40C,B_cdt_experience,DEV,96,962,128000,0.3750,0.9316,1.0276,0.1871,0.0671,0,0,0,0,0,0,0,CLEAN,""
E36,0xB40C,A_no_experience,TEST,256,962,128000,0.3633,0.9184,1.0216,0.1820,0.0668,0,0,0,0,0,0,0,CLEAN,""
E36,0xB40C,C_consolidated,TEST,256,962,128000,0.3984,0.9190,1.0265,0.1797,0.0656,0,0,0,0,0,0,0,CLEAN,""
E36,0xB40C,B_raw_experience,TEST,256,962,128000,0.3945,0.9296,1.0072,0.1835,0.0648,0,0,0,0,0,0,0,CLEAN,""
E36,0xB40C,D_corrupt_cdt,TEST,256,962,128000,0.0000,0.5085,0.8644,0.2280,0.3750,0,0,0,0,0,0,0,CLEAN,""
E36,0xB40C,E_irrelevant_cdt,TEST,256,962,128000,0.0000,0.4403,0.9775,0.1868,0.3916,0,0,0,0,0,0,0,CLEAN,""
E36,0xB40C,F_stats_no_topology,TEST,256,962,128000,0.0156,0.7327,0.9838,0.1167,0.2355,0,0,0,0,0,0,0,CLEAN,""
E36,0xB40C,G_shuffled_order,TEST,256,962,128000,0.0000,0.3257,0.3438,0.3751,0.5923,0,0,0,0,0,0,0,CLEAN,""
E36,0xB40C,GATE,TEST,0,0,0,0.0000,0.0000,0.0000,0.0000,0.0000,0,0,0,0,0,0,0,FAIL,"C=0.398 B_raw=0.395 A=0.363 D_corrupt_cdt=0.000 E_irrelevant_cdt=0.000 F_stats_no_topology=0.016 G_shuffled_order=0.000"
E37,0xB40C,GATE,TEST,0,0,0,0.0000,0.0000,0.0000,0.0000,0.0000,0,0,0,0,0,0,0,FAIL,"pre_delete=0.3984 post_delete_fresh_process=0.3984 A=0.3633 fresh_process_queries=0 ckpt_sha=dab0292a207f2417d39ea3ad72607125d7baeb6e48086252a187ac4904deccb0"
E38,0xB40C,GATE,TEST,0,0,0,0.0000,0.0000,0.0000,0.0000,0.0000,0,0,0,0,0,0,0,FAIL,"P0=0.3984 P0_newtest=0.3633 A_newtest=0.3203 P1=0.3984(q=0) P2=P0(identity encoder) P3_lookup=0.0352(cdt_q=256) A=0.3633"
E39,0xB40C,A_no_consolidation,TEST_triangle,256,962,128000,0.2773,0.9079,1.0066,0.1856,0.0772,0,0,0,0,0,0,0,CLEAN,""
E39,0xB40C,B_consolidated,TEST_triangle,256,962,128000,0.3984,0.9021,1.0079,0.1772,0.0676,0,0,0,0,0,0,0,CLEAN,""
E39,0xB40C,GATE,TEST,0,0,0,0.0000,0.0000,0.0000,0.0000,0.0000,0,0,0,0,0,0,0,PASS,"A=0.277 B=0.398 static=0.039"
E40,0xB40C,A_sequential,TEST,128,962,128000,0.2031,0.4145,1.0392,0.0843,0.4603,0,0,0,0,0,0,0,CLEAN,"final_per_rule=0.00|0.00|0.00|0.81"
E40,0xB40C,B_cdt_replay,TEST,128,962,128000,0.8359,0.9731,1.0066,0.0457,0.0405,0,0,0,0,0,0,0,CLEAN,"final_per_rule=0.91|0.88|0.81|0.75"
E40,0xB40C,D_corrupt_replay,TEST,128,962,128000,0.1016,0.0742,1.0201,0.0617,0.3567,0,0,0,0,0,0,0,CLEAN,"final_per_rule=0.00|0.00|0.00|0.41"
E40,0xB40C,GATE,TEST,0,0,0,0.0000,0.0000,0.0000,0.0000,0.0000,0,0,0,0,0,0,0,PASS,"final A=0.203 B=0.836 D=0.102 forgetting A=0.906 B=0.042 D=0.312"
E41,0xB40C,GATE,TEST,0,0,0,0.0000,0.0000,0.0000,0.0000,0.0000,0,0,0,0,0,0,0,PASS,"base_rot=0.500 base_translate=0.812 structured: redirect=0.750 rot_acc=0.000 | random(|Δ|F equal): redirect=0.000 rot_acc=0.000 | rollback_exact=true"
E42,0xB40C,A_N8,TEST,256,962,128000,0.2617,0.9148,0.9983,0.1811,0.0792,0,0,0,0,0,0,0,CLEAN,""
E42,0xB40C,B_N8,TEST,256,962,128000,0.4531,0.9252,1.0269,0.1734,0.0669,0,0,0,0,0,0,0,CLEAN,""
E42,0xB40C,A_N16,TEST,256,962,128000,0.2109,0.9058,1.0037,0.1899,0.0890,0,0,0,0,0,0,0,CLEAN,""
E42,0xB40C,B_N16,TEST,256,962,128000,0.3984,0.9186,0.9980,0.1781,0.0724,0,0,0,0,0,0,0,CLEAN,""
E42,0xB40C,A_N32,TEST,256,962,128000,0.2031,0.8919,1.0079,0.1924,0.0832,0,0,0,0,0,0,0,CLEAN,""
E42,0xB40C,B_N32,TEST,256,962,128000,0.4688,0.9266,0.9804,0.1851,0.0632,0,0,0,0,0,0,0,CLEAN,""
E42,0xB40C,A_N64,TEST,256,962,128000,0.3516,0.9120,1.0092,0.1817,0.0689,0,0,0,0,0,0,0,CLEAN,""
E42,0xB40C,B_N64,TEST,256,962,128000,0.3125,0.8859,0.9834,0.1805,0.0734,0,0,0,0,0,0,0,CLEAN,""
E42,0xB40C,A_N128,TEST,256,962,128000,0.2031,0.9080,0.9903,0.1869,0.0779,0,0,0,0,0,0,0,CLEAN,""
E42,0xB40C,B_N128,TEST,256,962,128000,0.2891,0.8860,1.0007,0.1782,0.0760,0,0,0,0,0,0,0,CLEAN,""
E42,0xB40C,GATE,TEST,0,0,0,0.0000,0.0000,0.0000,0.0000,0.0000,0,0,0,0,0,0,0,FAIL,"N8:A=0.262,B=0.453 N16:A=0.211,B=0.398 N32:A=0.203,B=0.469 N64:A=0.352,B=0.312 N128:A=0.203,B=0.289"
E31,0xB40D,DPHI,TEST,256,962,128000,0.1992,0.9122,0.9916,0.1875,0.0793,0,0,0,0,0,0,0,CLEAN,"0.12|0.12|0.06|0.34|0.25|0.38|0.25|0.06"
E31,0xB40D,STATIC,TEST,256,0,0,0.0430,0.0000,0.9837,0.0000,0.3980,0,0,0,0,0,0,0,CLEAN,"0.00|0.09|0.00|0.06|0.00|0.03|0.00|0.16"
E31,0xB40D,LINEAR,TEST,256,26,0,0.0000,0.0916,0.7009,0.0726,0.4320,0,0,0,0,0,0,0,CLEAN,"0.00|0.00|0.00|0.00|0.00|0.00|0.00|0.00"
E31,0xB40D,RANDOM_DYN,TEST,256,962,0,0.0000,-0.0386,1.2599,0.1113,0.6696,0,0,0,0,0,0,0,CLEAN,"0.00|0.00|0.00|0.00|0.00|0.00|0.00|0.00"
E31,0xB40D,SHUFFLED_LABEL,TEST,256,962,128000,0.0000,-0.0136,0.3148,0.6402,1.1817,0,0,0,0,0,0,0,CLEAN,"0.00|0.00|0.00|0.00|0.00|0.00|0.00|0.00"
E31,0xB40D,NN_LOOKUP,TEST,256,6528,0,0.0195,0.5462,1.0049,0.1875,0.3494,256,0,0,0,256,0,0,LOOKUP_CONTROL,"0.03|0.06|0.00|0.00|0.00|0.00|0.00|0.06"
E31,0xB40D,GATE,TEST,0,0,0,0.0000,0.0000,0.0000,0.0000,0.0000,0,0,0,0,0,0,0,PASS,"families_won=6 [translate reflect scale shear affine compose_rot_scale] dphi_acc=0.199 best_ctrl_acc=0.043"
E31,0xB40D,DPHI,DEV,96,962,128000,0.1771,0.9121,0.9816,0.1922,0.0785,0,0,0,0,0,0,0,CLEAN,""
E32,0xB40D,GATE,TEST,0,0,0,0.0000,0.0000,0.0000,0.0000,0.0000,0,0,0,0,0,0,0,PASS,"fams_sigma_within10%=6 frac_steps_sigma>1=0.982 translate:σD=1.094/σT=1.000 rotate:σD=1.135/σT=1.000 reflect:σD=1.161/σT=1.000 scale:σD=1.232/σT=1.214 shear:σD=1.241/σT=1.139 affine:σD=1.201/σT=1.082 compose_rot_scale:σD=1.050/σT=1.005 radial_warp:σD=1.179/σT=1.195"
E33,0xB40D,DPHI_h1,TEST,256,962,128000,0.1992,0.9122,0.9916,0.1875,0.0793,0,0,0,0,0,0,0,CLEAN,"iterable_acc=0.094 fam=0.12|0.12|0.06|0.34|0.25|0.38|0.25|0.06"
E33,0xB40D,DPHI_h2,TEST,256,962,128000,0.0234,0.7870,0.9916,0.1404,0.1405,0,0,0,0,0,0,0,CLEAN,"iterable_acc=0.016 fam=0.00|0.00|0.03|0.00|0.00|0.12|0.03|0.00"
E33,0xB40D,DPHI_h4,TEST,256,962,128000,0.0039,0.7814,0.9843,0.2443,0.2538,0,0,0,0,0,0,0,CLEAN,"iterable_acc=0.016 fam=0.00|0.00|0.03|0.00|0.00|0.00|0.00|0.00"
E33,0xB40D,DPHI_h8,TEST,256,962,128000,0.0000,0.7453,0.8603,0.3892,0.4816,0,0,0,0,0,0,0,CLEAN,"iterable_acc=0.000 fam=0.00|0.00|0.00|0.00|0.00|0.00|0.00|0.00"
E33,0xB40D,DPHI_h16,TEST,256,962,128000,0.0000,0.5802,0.6640,0.5259,0.9679,0,0,0,0,0,0,0,CLEAN,"iterable_acc=0.000 fam=0.00|0.00|0.00|0.00|0.00|0.00|0.00|0.00"
E33,0xB40D,DPHI_h32,TEST,256,962,128000,0.0000,0.4121,0.4245,0.6273,1.5627,0,0,0,0,0,0,0,CLEAN,"iterable_acc=0.000 fam=0.00|0.00|0.00|0.00|0.00|0.00|0.00|0.00"
E33,0xB40D,DPHI_h64,TEST,256,962,128000,0.0000,0.3524,0.0849,0.6681,2.0277,0,0,0,0,0,0,0,CLEAN,"iterable_acc=0.000 fam=0.00|0.00|0.00|0.00|0.00|0.00|0.00|0.00"
E33,0xB40D,GATE,TEST,0,0,0,0.0000,0.0000,0.0000,0.0000,0.0000,0,0,0,0,0,0,0,FAIL,"stability_region_h=0 iterable/all h1:0.09/0.20 h2:0.02/0.02 h4:0.02/0.00 h8:0.00/0.00 h16:0.00/0.00 h32:0.00/0.00 h64:0.00/0.00"
E34,0xB40D,DPHI_h1,TEST,256,962,128000,0.1992,0.9122,0.9916,0.1875,0.0793,0,0,0,0,0,0,0,CLEAN,""
E34,0xB40D,MLP_DIRECT_h1,TEST,256,962,128000,0.2617,0.9202,0.9996,0.1871,0.0736,0,0,0,0,0,0,0,CLEAN,""
E34,0xB40D,DPHI_h4_iter,TEST,64,962,128000,0.0156,0.4205,1.0874,0.1916,0.2974,0,0,0,0,0,0,0,CLEAN,""
E34,0xB40D,MLP_DIRECT_h4_iter,TEST,64,962,128000,0.0000,0.4144,0.9886,0.1748,0.3044,0,0,0,0,0,0,0,CLEAN,""
E34,0xB40D,STATIC,TEST,256,0,0,0.0430,0.0000,0.9837,0.0000,0.3980,0,0,0,0,0,0,0,CLEAN,""
E34,0xB40D,GATE,TEST,0,0,0,0.0000,0.0000,0.0000,0.0000,0.0000,0,0,0,0,0,0,0,FAIL,"dphi_h1=0.199 mlp_h1=0.262 dphi_h4=0.016 mlp_h4=0.000 static=0.043 params=962/962"
E35,0xB40D,A_control,TEST,256,962,128000,0.1992,0.9122,0.9916,0.1875,0.0793,0,0,0,0,0,0,0,CLEAN,"fam=0.12|0.12|0.06|0.34|0.25|0.38|0.25|0.06"
E35,0xB40D,B_cdt_experience,TEST,256,962,128000,0.4414,0.9390,1.0003,0.1787,0.0616,0,0,0,0,0,0,0,CLEAN,"fam=0.66|0.34|0.09|0.75|0.69|0.50|0.34|0.16 cdt_size=192 signal_numbers=384 cdt_dropped=true equiv_hits=0 any_equiv=false"
E35,0xB40D,GATE,TEST,0,0,0,0.0000,0.0000,0.0000,0.0000,0.0000,0,0,0,0,0,0,0,PASS,"A=0.1992 B=0.4414 diff=0.2422 relerrA=0.0793 relerrB=0.0616 cdt_q=0 rqm_q=0 table_q=0 nn_q=0 attr_q=0 direct_q=0 leaked=0 target_seen_cdt=false target_equivalent_seen=false"
E35,0xB40D,A_control,DEV,96,962,128000,0.1771,0.9121,0.9816,0.1922,0.0785,0,0,0,0,0,0,0,CLEAN,""
E35,0xB40D,B_cdt_experience,DEV,96,962,128000,0.4062,0.9316,0.9973,0.1867,0.0619,0,0,0,0,0,0,0,CLEAN,""
E36,0xB40D,A_no_experience,TEST,256,962,128000,0.1992,0.9122,0.9916,0.1875,0.0793,0,0,0,0,0,0,0,CLEAN,""
E36,0xB40D,C_consolidated,TEST,256,962,128000,0.4414,0.9390,1.0003,0.1787,0.0616,0,0,0,0,0,0,0,CLEAN,""
E36,0xB40D,B_raw_experience,TEST,256,962,128000,0.3750,0.9091,0.9912,0.1793,0.0703,0,0,0,0,0,0,0,CLEAN,""
E36,0xB40D,D_corrupt_cdt,TEST,256,962,128000,0.0000,0.4574,0.8554,0.2402,0.4015,0,0,0,0,0,0,0,CLEAN,""
E36,0xB40D,E_irrelevant_cdt,TEST,256,962,128000,0.0000,0.3765,0.9630,0.2247,0.3970,0,0,0,0,0,0,0,CLEAN,""
E36,0xB40D,F_stats_no_topology,TEST,256,962,128000,0.0586,0.7318,1.0011,0.1178,0.2330,0,0,0,0,0,0,0,CLEAN,""
E36,0xB40D,G_shuffled_order,TEST,256,962,128000,0.0000,0.1799,0.2472,0.3462,0.6674,0,0,0,0,0,0,0,CLEAN,""
E36,0xB40D,GATE,TEST,0,0,0,0.0000,0.0000,0.0000,0.0000,0.0000,0,0,0,0,0,0,0,PASS,"C=0.441 B_raw=0.375 A=0.199 D_corrupt_cdt=0.000 E_irrelevant_cdt=0.000 F_stats_no_topology=0.059 G_shuffled_order=0.000"
E37,0xB40D,GATE,TEST,0,0,0,0.0000,0.0000,0.0000,0.0000,0.0000,0,0,0,0,0,0,0,PASS,"pre_delete=0.4414 post_delete_fresh_process=0.4414 A=0.1992 fresh_process_queries=0 ckpt_sha=429f0985f9507172295eb04ac1c731186cd685e5d8ce78b9461339319054f95c"
E38,0xB40D,GATE,TEST,0,0,0,0.0000,0.0000,0.0000,0.0000,0.0000,0,0,0,0,0,0,0,PASS,"P0=0.4414 P0_newtest=0.4492 A_newtest=0.2773 P1=0.4414(q=0) P2=P0(identity encoder) P3_lookup=0.0195(cdt_q=256) A=0.1992"
E39,0xB40D,A_no_consolidation,TEST_triangle,256,962,128000,0.2852,0.9061,1.0160,0.1813,0.0732,0,0,0,0,0,0,0,CLEAN,""
E39,0xB40D,B_consolidated,TEST_triangle,256,962,128000,0.2617,0.9081,1.0080,0.1830,0.0742,0,0,0,0,0,0,0,CLEAN,""
E39,0xB40D,GATE,TEST,0,0,0,0.0000,0.0000,0.0000,0.0000,0.0000,0,0,0,0,0,0,0,FAIL,"A=0.285 B=0.262 static=0.035"
E40,0xB40D,A_sequential,TEST,128,962,128000,0.1797,0.5177,0.9694,0.0769,0.3049,0,0,0,0,0,0,0,CLEAN,"final_per_rule=0.00|0.00|0.00|0.72"
E40,0xB40D,B_cdt_replay,TEST,128,962,128000,0.6797,0.9621,0.9976,0.0509,0.0459,0,0,0,0,0,0,0,CLEAN,"final_per_rule=0.81|0.66|0.66|0.59"
E40,0xB40D,D_corrupt_replay,TEST,128,962,128000,0.0938,0.0837,0.9838,0.0542,0.3466,0,0,0,0,0,0,0,CLEAN,"final_per_rule=0.03|0.00|0.03|0.31"
E40,0xB40D,GATE,TEST,0,0,0,0.0000,0.0000,0.0000,0.0000,0.0000,0,0,0,0,0,0,0,PASS,"final A=0.180 B=0.680 D=0.094 forgetting A=0.781 B=0.052 D=0.177"
E41,0xB40D,GATE,TEST,0,0,0,0.0000,0.0000,0.0000,0.0000,0.0000,0,0,0,0,0,0,0,PASS,"base_rot=0.344 base_translate=0.656 structured: redirect=0.562 rot_acc=0.000 | random(|Δ|F equal): redirect=0.000 rot_acc=0.000 | rollback_exact=true"
E42,0xB40D,A_N8,TEST,256,962,128000,0.2930,0.9255,1.0160,0.1721,0.0866,0,0,0,0,0,0,0,CLEAN,""
E42,0xB40D,B_N8,TEST,256,962,128000,0.2461,0.9159,0.9722,0.1743,0.0783,0,0,0,0,0,0,0,CLEAN,""
E42,0xB40D,A_N16,TEST,256,962,128000,0.2617,0.9123,0.9768,0.1829,0.0854,0,0,0,0,0,0,0,CLEAN,""
E42,0xB40D,B_N16,TEST,256,962,128000,0.3086,0.9271,1.0000,0.1763,0.0778,0,0,0,0,0,0,0,CLEAN,""
E42,0xB40D,A_N32,TEST,256,962,128000,0.2656,0.9190,0.9898,0.1840,0.0718,0,0,0,0,0,0,0,CLEAN,""
E42,0xB40D,B_N32,TEST,256,962,128000,0.3516,0.9234,0.9787,0.1819,0.0660,0,0,0,0,0,0,0,CLEAN,""
E42,0xB40D,A_N64,TEST,256,962,128000,0.2031,0.8887,0.9863,0.1881,0.0785,0,0,0,0,0,0,0,CLEAN,""
E42,0xB40D,B_N64,TEST,256,962,128000,0.5742,0.9218,0.9782,0.1770,0.0632,0,0,0,0,0,0,0,CLEAN,""
E42,0xB40D,A_N128,TEST,256,962,128000,0.1641,0.8895,0.9904,0.1894,0.0830,0,0,0,0,0,0,0,CLEAN,""
E42,0xB40D,B_N128,TEST,256,962,128000,0.3438,0.9135,0.9789,0.1857,0.0690,0,0,0,0,0,0,0,CLEAN,""
E42,0xB40D,GATE,TEST,0,0,0,0.0000,0.0000,0.0000,0.0000,0.0000,0,0,0,0,0,0,0,FAIL,"N8:A=0.293,B=0.246 N16:A=0.262,B=0.309 N32:A=0.266,B=0.352 N64:A=0.203,B=0.574 N128:A=0.164,B=0.344"
E31,0xB40E,DPHI,TEST,256,962,128000,0.2227,0.9324,1.0047,0.1802,0.0783,0,0,0,0,0,0,0,CLEAN,"0.31|0.19|0.00|0.53|0.12|0.25|0.16|0.22"
E31,0xB40E,STATIC,TEST,256,0,0,0.0195,0.0000,1.0000,0.0000,0.3877,0,0,0,0,0,0,0,CLEAN,"0.00|0.03|0.00|0.03|0.03|0.00|0.00|0.06"
E31,0xB40E,LINEAR,TEST,256,26,0,0.0000,0.0964,0.7764,0.0515,0.4036,0,0,0,0,0,0,0,CLEAN,"0.00|0.00|0.00|0.00|0.00|0.00|0.00|0.00"
E31,0xB40E,RANDOM_DYN,TEST,256,962,0,0.0000,-0.0132,1.4152,0.2410,0.8230,0,0,0,0,0,0,0,CLEAN,"0.00|0.00|0.00|0.00|0.00|0.00|0.00|0.00"
E31,0xB40E,SHUFFLED_LABEL,TEST,256,962,128000,0.0000,0.0903,0.4762,0.6276,1.2862,0,0,0,0,0,0,0,CLEAN,"0.00|0.00|0.00|0.00|0.00|0.00|0.00|0.00"
E31,0xB40E,NN_LOOKUP,TEST,256,6528,0,0.0195,0.4986,1.0182,0.1819,0.3542,256,0,0,0,256,0,0,LOOKUP_CONTROL,"0.03|0.06|0.00|0.00|0.00|0.06|0.00|0.00"
E31,0xB40E,GATE,TEST,0,0,0,0.0000,0.0000,0.0000,0.0000,0.0000,0,0,0,0,0,0,0,PASS,"families_won=7 [translate rotate scale shear affine compose_rot_scale radial_warp] dphi_acc=0.223 best_ctrl_acc=0.020"
E31,0xB40E,DPHI,DEV,96,962,128000,0.2708,0.9160,0.9913,0.1891,0.0844,0,0,0,0,0,0,0,CLEAN,""
E32,0xB40E,GATE,TEST,0,0,0,0.0000,0.0000,0.0000,0.0000,0.0000,0,0,0,0,0,0,0,PASS,"fams_sigma_within10%=6 frac_steps_sigma>1=0.934 translate:σD=1.090/σT=1.000 rotate:σD=1.112/σT=1.000 reflect:σD=1.144/σT=1.000 scale:σD=1.194/σT=1.117 shear:σD=1.187/σT=1.109 affine:σD=1.171/σT=1.055 compose_rot_scale:σD=1.141/σT=1.038 radial_warp:σD=1.187/σT=1.243"
E33,0xB40E,DPHI_h1,TEST,256,962,128000,0.2227,0.9324,1.0047,0.1802,0.0783,0,0,0,0,0,0,0,CLEAN,"iterable_acc=0.094 fam=0.31|0.19|0.00|0.53|0.12|0.25|0.16|0.22"
E33,0xB40E,DPHI_h2,TEST,256,962,128000,0.0117,0.8081,1.0162,0.1283,0.1368,0,0,0,0,0,0,0,CLEAN,"iterable_acc=0.000 fam=0.00|0.00|0.00|0.09|0.00|0.00|0.00|0.00"
E33,0xB40E,DPHI_h4,TEST,256,962,128000,0.0000,0.8032,1.0477,0.2289,0.2525,0,0,0,0,0,0,0,CLEAN,"iterable_acc=0.000 fam=0.00|0.00|0.00|0.00|0.00|0.00|0.00|0.00"
E33,0xB40E,DPHI_h8,TEST,256,962,128000,0.0000,0.7722,1.1347,0.3874,0.5020,0,0,0,0,0,0,0,CLEAN,"iterable_acc=0.000 fam=0.00|0.00|0.00|0.00|0.00|0.00|0.00|0.00"
E33,0xB40E,DPHI_h16,TEST,256,962,128000,0.0000,0.6030,0.9643,0.5520,1.1101,0,0,0,0,0,0,0,CLEAN,"iterable_acc=0.000 fam=0.00|0.00|0.00|0.00|0.00|0.00|0.00|0.00"
E33,0xB40E,DPHI_h32,TEST,256,962,128000,0.0000,0.4525,0.4558,0.6562,1.5465,0,0,0,0,0,0,0,CLEAN,"iterable_acc=0.000 fam=0.00|0.00|0.00|0.00|0.00|0.00|0.00|0.00"
E33,0xB40E,DPHI_h64,TEST,256,962,128000,0.0078,0.4278,0.1118,0.6645,1.9257,0,0,0,0,0,0,0,CLEAN,"iterable_acc=0.000 fam=0.00|0.00|0.00|0.00|0.00|0.06|0.00|0.00"
E33,0xB40E,GATE,TEST,0,0,0,0.0000,0.0000,0.0000,0.0000,0.0000,0,0,0,0,0,0,0,FAIL,"stability_region_h=0 iterable/all h1:0.09/0.22 h2:0.00/0.01 h4:0.00/0.00 h8:0.00/0.00 h16:0.00/0.00 h32:0.00/0.00 h64:0.00/0.01"
E34,0xB40E,DPHI_h1,TEST,256,962,128000,0.2227,0.9324,1.0047,0.1802,0.0783,0,0,0,0,0,0,0,CLEAN,""
E34,0xB40E,MLP_DIRECT_h1,TEST,256,962,128000,0.3672,0.9403,0.9788,0.1799,0.0758,0,0,0,0,0,0,0,CLEAN,""
E34,0xB40E,DPHI_h4_iter,TEST,64,962,128000,0.0000,0.4634,1.0487,0.1890,0.3070,0,0,0,0,0,0,0,CLEAN,""
E34,0xB40E,MLP_DIRECT_h4_iter,TEST,64,962,128000,0.0000,0.4885,0.9685,0.1520,0.2551,0,0,0,0,0,0,0,CLEAN,""
E34,0xB40E,STATIC,TEST,256,0,0,0.0195,0.0000,1.0000,0.0000,0.3877,0,0,0,0,0,0,0,CLEAN,""
E34,0xB40E,GATE,TEST,0,0,0,0.0000,0.0000,0.0000,0.0000,0.0000,0,0,0,0,0,0,0,FAIL,"dphi_h1=0.223 mlp_h1=0.367 dphi_h4=0.000 mlp_h4=0.000 static=0.020 params=962/962"
E35,0xB40E,A_control,TEST,256,962,128000,0.2227,0.9324,1.0047,0.1802,0.0783,0,0,0,0,0,0,0,CLEAN,"fam=0.31|0.19|0.00|0.53|0.12|0.25|0.16|0.22"
E35,0xB40E,B_cdt_experience,TEST,256,962,128000,0.1758,0.9117,1.0018,0.1745,0.0869,0,0,0,0,0,0,0,CLEAN,"fam=0.41|0.00|0.00|0.72|0.19|0.00|0.03|0.06 cdt_size=192 signal_numbers=384 cdt_dropped=true equiv_hits=0 any_equiv=false"
E35,0xB40E,GATE,TEST,0,0,0,0.0000,0.0000,0.0000,0.0000,0.0000,0,0,0,0,0,0,0,FAIL,"A=0.2227 B=0.1758 diff=-0.0469 relerrA=0.0783 relerrB=0.0869 cdt_q=0 rqm_q=0 table_q=0 nn_q=0 attr_q=0 direct_q=0 leaked=0 target_seen_cdt=false target_equivalent_seen=false"
E35,0xB40E,A_control,DEV,96,962,128000,0.2708,0.9160,0.9913,0.1891,0.0844,0,0,0,0,0,0,0,CLEAN,""
E35,0xB40E,B_cdt_experience,DEV,96,962,128000,0.1667,0.9090,0.9791,0.1855,0.0920,0,0,0,0,0,0,0,CLEAN,""
E36,0xB40E,A_no_experience,TEST,256,962,128000,0.2227,0.9324,1.0047,0.1802,0.0783,0,0,0,0,0,0,0,CLEAN,""
E36,0xB40E,C_consolidated,TEST,256,962,128000,0.1758,0.9117,1.0018,0.1745,0.0869,0,0,0,0,0,0,0,CLEAN,""
E36,0xB40E,B_raw_experience,TEST,256,962,128000,0.3086,0.9373,0.9856,0.1816,0.0735,0,0,0,0,0,0,0,CLEAN,""
E36,0xB40E,D_corrupt_cdt,TEST,256,962,128000,0.0039,0.5223,0.9545,0.2081,0.3878,0,0,0,0,0,0,0,CLEAN,""
E36,0xB40E,E_irrelevant_cdt,TEST,256,962,128000,0.0000,0.3108,0.9735,0.1474,0.4229,0,0,0,0,0,0,0,CLEAN,""
E36,0xB40E,F_stats_no_topology,TEST,256,962,128000,0.0469,0.7490,1.0362,0.1040,0.2254,0,0,0,0,0,0,0,CLEAN,""
E36,0xB40E,G_shuffled_order,TEST,256,962,128000,0.0000,0.2505,0.2114,0.3762,0.7169,0,0,0,0,0,0,0,CLEAN,""
E36,0xB40E,GATE,TEST,0,0,0,0.0000,0.0000,0.0000,0.0000,0.0000,0,0,0,0,0,0,0,FAIL,"C=0.176 B_raw=0.309 A=0.223 D_corrupt_cdt=0.004 E_irrelevant_cdt=0.000 F_stats_no_topology=0.047 G_shuffled_order=0.000"
E37,0xB40E,GATE,TEST,0,0,0,0.0000,0.0000,0.0000,0.0000,0.0000,0,0,0,0,0,0,0,FAIL,"pre_delete=0.1758 post_delete_fresh_process=0.1758 A=0.2227 fresh_process_queries=0 ckpt_sha=3e9341038b25976e267c34f78bbe04f535a26558b9a4404369bb4476a8ab64e1"
E38,0xB40E,GATE,TEST,0,0,0,0.0000,0.0000,0.0000,0.0000,0.0000,0,0,0,0,0,0,0,FAIL,"P0=0.1758 P0_newtest=0.1797 A_newtest=0.2461 P1=0.1758(q=0) P2=P0(identity encoder) P3_lookup=0.0195(cdt_q=256) A=0.2227"
E39,0xB40E,A_no_consolidation,TEST_triangle,256,962,128000,0.3906,0.9095,1.0151,0.1810,0.0687,0,0,0,0,0,0,0,CLEAN,""
E39,0xB40E,B_consolidated,TEST_triangle,256,962,128000,0.3164,0.9134,1.0107,0.1793,0.0719,0,0,0,0,0,0,0,CLEAN,""
E39,0xB40E,GATE,TEST,0,0,0,0.0000,0.0000,0.0000,0.0000,0.0000,0,0,0,0,0,0,0,FAIL,"A=0.391 B=0.316 static=0.031"
E40,0xB40E,A_sequential,TEST,128,962,128000,0.1641,0.3782,1.2302,0.0867,0.4956,0,0,0,0,0,0,0,CLEAN,"final_per_rule=0.00|0.00|0.00|0.66"
E40,0xB40E,B_cdt_replay,TEST,128,962,128000,0.5938,0.9744,0.9872,0.0457,0.0499,0,0,0,0,0,0,0,CLEAN,"final_per_rule=0.75|0.75|0.41|0.47"
E40,0xB40E,D_corrupt_replay,TEST,128,962,128000,0.0859,0.0916,1.0836,0.0473,0.3315,0,0,0,0,0,0,0,CLEAN,"final_per_rule=0.00|0.00|0.00|0.34"
E40,0xB40E,GATE,TEST,0,0,0,0.0000,0.0000,0.0000,0.0000,0.0000,0,0,0,0,0,0,0,PASS,"final A=0.164 B=0.594 D=0.086 forgetting A=0.917 B=0.250 D=0.396"
E41,0xB40E,GATE,TEST,0,0,0,0.0000,0.0000,0.0000,0.0000,0.0000,0,0,0,0,0,0,0,PASS,"base_rot=0.000 base_translate=0.406 structured: redirect=0.375 rot_acc=0.000 | random(|Δ|F equal): redirect=0.000 rot_acc=0.000 | rollback_exact=true"
E42,0xB40E,A_N8,TEST,256,962,128000,0.1719,0.9105,1.0141,0.1791,0.0840,0,0,0,0,0,0,0,CLEAN,""
E42,0xB40E,B_N8,TEST,256,962,128000,0.3281,0.9193,1.0023,0.1707,0.0737,0,0,0,0,0,0,0,CLEAN,""
E42,0xB40E,A_N16,TEST,256,962,128000,0.2930,0.8986,1.0278,0.1918,0.0768,0,0,0,0,0,0,0,CLEAN,""
E42,0xB40E,B_N16,TEST,256,962,128000,0.4336,0.9138,1.0023,0.1808,0.0632,0,0,0,0,0,0,0,CLEAN,""
E42,0xB40E,A_N32,TEST,256,962,128000,0.2305,0.9137,0.9794,0.1870,0.0824,0,0,0,0,0,0,0,CLEAN,""
E42,0xB40E,B_N32,TEST,256,962,128000,0.3828,0.9253,1.0168,0.1834,0.0663,0,0,0,0,0,0,0,CLEAN,""
E42,0xB40E,A_N64,TEST,256,962,128000,0.3711,0.9149,1.0007,0.1865,0.0747,0,0,0,0,0,0,0,CLEAN,""
E42,0xB40E,B_N64,TEST,256,962,128000,0.3711,0.8991,0.9898,0.1814,0.0675,0,0,0,0,0,0,0,CLEAN,""
E42,0xB40E,A_N128,TEST,256,962,128000,0.2188,0.9126,1.0301,0.1890,0.0823,0,0,0,0,0,0,0,CLEAN,""
E42,0xB40E,B_N128,TEST,256,962,128000,0.3516,0.9234,1.0339,0.1843,0.0674,0,0,0,0,0,0,0,CLEAN,""
E42,0xB40E,GATE,TEST,0,0,0,0.0000,0.0000,0.0000,0.0000,0.0000,0,0,0,0,0,0,0,FAIL,"N8:A=0.172,B=0.328 N16:A=0.293,B=0.434 N32:A=0.230,B=0.383 N64:A=0.371,B=0.371 N128:A=0.219,B=0.352"
E31,0xB40F,DPHI,TEST,256,962,128000,0.1953,0.8982,0.9879,0.1806,0.0779,0,0,0,0,0,0,0,CLEAN,"0.22|0.06|0.00|0.47|0.09|0.44|0.16|0.12"
E31,0xB40F,STATIC,TEST,256,0,0,0.0703,0.0000,1.0000,0.0000,0.3933,0,0,0,0,0,0,0,CLEAN,"0.00|0.16|0.00|0.09|0.06|0.00|0.00|0.25"
E31,0xB40F,LINEAR,TEST,256,26,0,0.0000,0.1418,0.7407,0.0647,0.4231,0,0,0,0,0,0,0,CLEAN,"0.00|0.00|0.00|0.00|0.00|0.00|0.00|0.00"
E31,0xB40F,RANDOM_DYN,TEST,256,962,0,0.0000,-0.0458,1.0485,0.2059,0.8608,0,0,0,0,0,0,0,CLEAN,"0.00|0.00|0.00|0.00|0.00|0.00|0.00|0.00"
E31,0xB40F,SHUFFLED_LABEL,TEST,256,962,128000,0.0000,-0.0046,0.4346,0.6349,1.2433,0,0,0,0,0,0,0,CLEAN,"0.00|0.00|0.00|0.00|0.00|0.00|0.00|0.00"
E31,0xB40F,NN_LOOKUP,TEST,256,6528,0,0.0156,0.4760,1.0294,0.1801,0.3411,256,0,0,0,256,0,0,LOOKUP_CONTROL,"0.03|0.03|0.00|0.00|0.00|0.00|0.00|0.06"
E31,0xB40F,GATE,TEST,0,0,0,0.0000,0.0000,0.0000,0.0000,0.0000,0,0,0,0,0,0,0,PASS,"families_won=4 [translate scale affine compose_rot_scale] dphi_acc=0.195 best_ctrl_acc=0.070"
E31,0xB40F,DPHI,DEV,96,962,128000,0.2917,0.9124,0.9942,0.1944,0.0779,0,0,0,0,0,0,0,CLEAN,""
E32,0xB40F,GATE,TEST,0,0,0,0.0000,0.0000,0.0000,0.0000,0.0000,0,0,0,0,0,0,0,PASS,"fams_sigma_within10%=6 frac_steps_sigma>1=0.999 translate:σD=1.119/σT=1.000 rotate:σD=1.075/σT=1.000 reflect:σD=1.102/σT=1.000 scale:σD=1.182/σT=1.103 shear:σD=1.153/σT=1.100 affine:σD=1.132/σT=1.051 compose_rot_scale:σD=1.151/σT=1.052 radial_warp:σD=1.129/σT=1.205"
E33,0xB40F,DPHI_h1,TEST,256,962,128000,0.1953,0.8982,0.9879,0.1806,0.0779,0,0,0,0,0,0,0,CLEAN,"iterable_acc=0.031 fam=0.22|0.06|0.00|0.47|0.09|0.44|0.16|0.12"
E33,0xB40F,DPHI_h2,TEST,256,962,128000,0.0078,0.7718,0.9777,0.1288,0.1424,0,0,0,0,0,0,0,CLEAN,"iterable_acc=0.000 fam=0.03|0.00|0.00|0.00|0.00|0.03|0.00|0.00"
E33,0xB40F,DPHI_h4,TEST,256,962,128000,0.0000,0.7639,0.9528,0.2331,0.2545,0,0,0,0,0,0,0,CLEAN,"iterable_acc=0.000 fam=0.00|0.00|0.00|0.00|0.00|0.00|0.00|0.00"
E33,0xB40F,DPHI_h8,TEST,256,962,128000,0.0039,0.7308,0.7856,0.3907,0.4656,0,0,0,0,0,0,0,CLEAN,"iterable_acc=0.000 fam=0.00|0.00|0.00|0.00|0.00|0.03|0.00|0.00"
E33,0xB40F,DPHI_h16,TEST,256,962,128000,0.0000,0.6280,0.5112,0.5239,0.8349,0,0,0,0,0,0,0,CLEAN,"iterable_acc=0.000 fam=0.00|0.00|0.00|0.00|0.00|0.00|0.00|0.00"
E33,0xB40F,DPHI_h32,TEST,256,962,128000,0.0039,0.4672,0.2448,0.6072,1.4621,0,0,0,0,0,0,0,CLEAN,"iterable_acc=0.000 fam=0.00|0.00|0.00|0.00|0.00|0.03|0.00|0.00"
E33,0xB40F,DPHI_h64,TEST,256,962,128000,0.0039,0.3981,0.0542,0.6315,1.7470,0,0,0,0,0,0,0,CLEAN,"iterable_acc=0.000 fam=0.00|0.00|0.00|0.00|0.00|0.03|0.00|0.00"
E33,0xB40F,GATE,TEST,0,0,0,0.0000,0.0000,0.0000,0.0000,0.0000,0,0,0,0,0,0,0,FAIL,"stability_region_h=0 iterable/all h1:0.03/0.20 h2:0.00/0.01 h4:0.00/0.00 h8:0.00/0.00 h16:0.00/0.00 h32:0.00/0.00 h64:0.00/0.00"
E34,0xB40F,DPHI_h1,TEST,256,962,128000,0.1953,0.8982,0.9879,0.1806,0.0779,0,0,0,0,0,0,0,CLEAN,""
E34,0xB40F,MLP_DIRECT_h1,TEST,256,962,128000,0.2109,0.9102,1.0030,0.1834,0.0786,0,0,0,0,0,0,0,CLEAN,""
E34,0xB40F,DPHI_h4_iter,TEST,64,962,128000,0.0000,0.4354,0.8226,0.2071,0.3513,0,0,0,0,0,0,0,CLEAN,""
E34,0xB40F,MLP_DIRECT_h4_iter,TEST,64,962,128000,0.0000,0.4408,0.9362,0.1795,0.3620,0,0,0,0,0,0,0,CLEAN,""
E34,0xB40F,STATIC,TEST,256,0,0,0.0703,0.0000,1.0000,0.0000,0.3933,0,0,0,0,0,0,0,CLEAN,""
E34,0xB40F,GATE,TEST,0,0,0,0.0000,0.0000,0.0000,0.0000,0.0000,0,0,0,0,0,0,0,FAIL,"dphi_h1=0.195 mlp_h1=0.211 dphi_h4=0.000 mlp_h4=0.000 static=0.070 params=962/962"
E35,0xB40F,A_control,TEST,256,962,128000,0.1953,0.8982,0.9879,0.1806,0.0779,0,0,0,0,0,0,0,CLEAN,"fam=0.22|0.06|0.00|0.47|0.09|0.44|0.16|0.12"
E35,0xB40F,B_cdt_experience,TEST,256,962,128000,0.4102,0.9036,1.0167,0.1741,0.0694,0,0,0,0,0,0,0,CLEAN,"fam=0.44|0.38|0.03|0.47|0.84|0.50|0.41|0.22 cdt_size=192 signal_numbers=384 cdt_dropped=true equiv_hits=0 any_equiv=false"
E35,0xB40F,GATE,TEST,0,0,0,0.0000,0.0000,0.0000,0.0000,0.0000,0,0,0,0,0,0,0,PASS,"A=0.1953 B=0.4102 diff=0.2148 relerrA=0.0779 relerrB=0.0694 cdt_q=0 rqm_q=0 table_q=0 nn_q=0 attr_q=0 direct_q=0 leaked=0 target_seen_cdt=false target_equivalent_seen=false"
E35,0xB40F,A_control,DEV,96,962,128000,0.2917,0.9124,0.9942,0.1944,0.0779,0,0,0,0,0,0,0,CLEAN,""
E35,0xB40F,B_cdt_experience,DEV,96,962,128000,0.3438,0.9161,1.0087,0.1867,0.0704,0,0,0,0,0,0,0,CLEAN,""
E36,0xB40F,A_no_experience,TEST,256,962,128000,0.1953,0.8982,0.9879,0.1806,0.0779,0,0,0,0,0,0,0,CLEAN,""
E36,0xB40F,C_consolidated,TEST,256,962,128000,0.4102,0.9036,1.0167,0.1741,0.0694,0,0,0,0,0,0,0,CLEAN,""
E36,0xB40F,B_raw_experience,TEST,256,962,128000,0.3086,0.9097,0.9986,0.1787,0.0761,0,0,0,0,0,0,0,CLEAN,""
E36,0xB40F,D_corrupt_cdt,TEST,256,962,128000,0.0000,0.4675,0.8402,0.2298,0.3915,0,0,0,0,0,0,0,CLEAN,""
E36,0xB40F,E_irrelevant_cdt,TEST,256,962,128000,0.0000,0.4164,0.9430,0.1972,0.3890,0,0,0,0,0,0,0,CLEAN,""
E36,0xB40F,F_stats_no_topology,TEST,256,962,128000,0.0742,0.6869,0.9469,0.1210,0.2203,0,0,0,0,0,0,0,CLEAN,""
E36,0xB40F,G_shuffled_order,TEST,256,962,128000,0.0000,0.2356,0.2776,0.4383,0.7727,0,0,0,0,0,0,0,CLEAN,""
E36,0xB40F,GATE,TEST,0,0,0,0.0000,0.0000,0.0000,0.0000,0.0000,0,0,0,0,0,0,0,PASS,"C=0.410 B_raw=0.309 A=0.195 D_corrupt_cdt=0.000 E_irrelevant_cdt=0.000 F_stats_no_topology=0.074 G_shuffled_order=0.000"
E37,0xB40F,GATE,TEST,0,0,0,0.0000,0.0000,0.0000,0.0000,0.0000,0,0,0,0,0,0,0,PASS,"pre_delete=0.4102 post_delete_fresh_process=0.4102 A=0.1953 fresh_process_queries=0 ckpt_sha=6be351a07ab96558ebfc1dd88b8a5fb1e64d0e1f2061b75477f1c72981c69f2e"
E38,0xB40F,GATE,TEST,0,0,0,0.0000,0.0000,0.0000,0.0000,0.0000,0,0,0,0,0,0,0,PASS,"P0=0.4102 P0_newtest=0.3711 A_newtest=0.2500 P1=0.4102(q=0) P2=P0(identity encoder) P3_lookup=0.0156(cdt_q=256) A=0.1953"
E39,0xB40F,A_no_consolidation,TEST_triangle,256,962,128000,0.2734,0.8959,1.0022,0.1835,0.0762,0,0,0,0,0,0,0,CLEAN,""
E39,0xB40F,B_consolidated,TEST_triangle,256,962,128000,0.3867,0.9081,1.0084,0.1798,0.0689,0,0,0,0,0,0,0,CLEAN,""
E39,0xB40F,GATE,TEST,0,0,0,0.0000,0.0000,0.0000,0.0000,0.0000,0,0,0,0,0,0,0,PASS,"A=0.273 B=0.387 static=0.043"
E40,0xB40F,A_sequential,TEST,128,962,128000,0.1562,0.4074,1.1696,0.1071,0.5842,0,0,0,0,0,0,0,CLEAN,"final_per_rule=0.00|0.00|0.00|0.62"
E40,0xB40F,B_cdt_replay,TEST,128,962,128000,0.6641,0.9528,1.0141,0.0474,0.0510,0,0,0,0,0,0,0,CLEAN,"final_per_rule=0.81|0.88|0.53|0.44"
E40,0xB40F,D_corrupt_replay,TEST,128,962,128000,0.1016,0.1606,1.0368,0.0522,0.3064,0,0,0,0,0,0,0,CLEAN,"final_per_rule=0.00|0.00|0.00|0.41"
E40,0xB40F,GATE,TEST,0,0,0,0.0000,0.0000,0.0000,0.0000,0.0000,0,0,0,0,0,0,0,PASS,"final A=0.156 B=0.664 D=0.102 forgetting A=0.948 B=0.198 D=0.333"
E41,0xB40F,GATE,TEST,0,0,0,0.0000,0.0000,0.0000,0.0000,0.0000,0,0,0,0,0,0,0,PASS,"base_rot=0.375 base_translate=0.438 structured: redirect=0.344 rot_acc=0.000 | random(|Δ|F equal): redirect=0.000 rot_acc=0.000 | rollback_exact=true"
E42,0xB40F,A_N8,TEST,256,962,128000,0.1914,0.8765,1.0279,0.1780,0.0856,0,0,0,0,0,0,0,CLEAN,""
E42,0xB40F,B_N8,TEST,256,962,128000,0.3047,0.8951,1.0073,0.1704,0.0690,0,0,0,0,0,0,0,CLEAN,""
E42,0xB40F,A_N16,TEST,256,962,128000,0.2500,0.9273,1.0185,0.1871,0.0743,0,0,0,0,0,0,0,CLEAN,""
E42,0xB40F,B_N16,TEST,256,962,128000,0.4531,0.9425,1.0038,0.1798,0.0613,0,0,0,0,0,0,0,CLEAN,""
E42,0xB40F,A_N32,TEST,256,962,128000,0.2656,0.9102,1.0088,0.1846,0.0681,0,0,0,0,0,0,0,CLEAN,""
E42,0xB40F,B_N32,TEST,256,962,128000,0.5000,0.9168,1.0213,0.1778,0.0601,0,0,0,0,0,0,0,CLEAN,""
E42,0xB40F,A_N64,TEST,256,962,128000,0.2578,0.8981,0.9961,0.1830,0.0746,0,0,0,0,0,0,0,CLEAN,""
E42,0xB40F,B_N64,TEST,256,962,128000,0.4453,0.9221,0.9990,0.1780,0.0596,0,0,0,0,0,0,0,CLEAN,""
E42,0xB40F,A_N128,TEST,256,962,128000,0.2695,0.9134,1.0267,0.1935,0.0784,0,0,0,0,0,0,0,CLEAN,""
E42,0xB40F,B_N128,TEST,256,962,128000,0.3320,0.9196,1.0070,0.1773,0.0758,0,0,0,0,0,0,0,CLEAN,""
E42,0xB40F,GATE,TEST,0,0,0,0.0000,0.0000,0.0000,0.0000,0.0000,0,0,0,0,0,0,0,PASS,"N8:A=0.191,B=0.305 N16:A=0.250,B=0.453 N32:A=0.266,B=0.500 N64:A=0.258,B=0.445 N128:A=0.270,B=0.332"
